Species,Deploy Date,Capture Depth (fm),Depth Interval,Mortality (0=Dead),Days Held,10-Day Mortality (0 = Dead),Study type,Guild,,,,,,,
black rockfish,05/08/2009,7.0,0-10,1,1.99,NA,Cage Study - Hannah,Shallow Pelagic,,,,,,,
black rockfish,05/08/2009,7.3,0-10,1,1.99,NA,Cage Study - Hannah,Shallow Pelagic,,,,,,,
black rockfish,05/08/2009,8.4,0-10,1,1.97,NA,Cage Study - Hannah,Shallow Pelagic,,,,,,,
black rockfish,05/08/2009,8.7,0-10,1,1.96,NA,Cage Study - Hannah,Shallow Pelagic,,,,,,,
black rockfish,05/08/2009,11.3,10-20,1,1.97,NA,Cage Study - Hannah,Shallow Pelagic,,,,,,,
black rockfish,05/08/2009,11.0,10-20,1,1.96,NA,Cage Study - Hannah,Shallow Pelagic,,,,,,,
black rockfish,05/08/2009,11.0,10-20,1,1.97,NA,Cage Study - Hannah,Shallow Pelagic,,,,,,,
black rockfish,05/08/2009,10.5,10-20,1,1.97,NA,Cage Study - Hannah,Shallow Pelagic,,,,,,,
black rockfish,05/08/2009,19.0,10-20,1,1.96,NA,Cage Study - Hannah,Shallow Pelagic,,,,,,,
black rockfish,05/08/2009,19.2,10-20,1,1.96,NA,Cage Study - Hannah,Shallow Pelagic,,,,,,,
black rockfish,05/08/2009,18.6,10-20,1,1.96,NA,Cage Study - Hannah,Shallow Pelagic,,,,,,,
quillback rockfish,05/08/2009,18.7,10-20,1,1.97,NA,Cage Study - Hannah,Shallow Demersal,,,,,,,
black rockfish,05/08/2009,20.5,20-30,1,1.97,NA,Cage Study - Hannah,Shallow Pelagic,,,,,,,
canary rockfish,05/08/2009,20.8,20-30,1,1.97,NA,Cage Study - Hannah,Deep Pelagic,,,,,,,
black rockfish,05/08/2009,21.3,20-30,1,1.96,NA,Cage Study - Hannah,Shallow Pelagic,,,,,,,
black rockfish,05/17/2009,7.0,0-10,1,1.86,NA,Cage Study - Hannah,Shallow Pelagic,,,,,,,
black rockfish,05/17/2009,6.0,0-10,1,1.91,NA,Cage Study - Hannah,Shallow Pelagic,,,,,,,
black rockfish,05/17/2009,7.2,0-10,1,1.92,NA,Cage Study - Hannah,Shallow Pelagic,,,,,,,
black rockfish,05/17/2009,7.5,0-10,1,1.93,NA,Cage Study - Hannah,Shallow Pelagic,,,,,,,
black rockfish,05/17/2009,12.0,10-20,1,1.93,NA,Cage Study - Hannah,Shallow Pelagic,,,,,,,
black rockfish,05/17/2009,11.3,10-20,1,16.90,NA,Cage Study - Hannah,Shallow Pelagic,,,,,,,
black rockfish,05/17/2009,12.5,10-20,1,1.94,NA,Cage Study - Hannah,Shallow Pelagic,,,,,,,
black rockfish,05/17/2009,10.3,10-20,1,1.98,NA,Cage Study - Hannah,Shallow Pelagic,,,,,,,
black rockfish,05/17/2009,16.5,10-20,1,2.91,NA,Cage Study - Hannah,Shallow Pelagic,,,,,,,
black rockfish,05/17/2009,17.2,10-20,1,1.97,NA,Cage Study - Hannah,Shallow Pelagic,,,,,,,
black rockfish,05/17/2009,17.0,10-20,1,1.97,NA,Cage Study - Hannah,Shallow Pelagic,,,,,,,
black rockfish,05/17/2009,17.5,10-20,1,1.97,NA,Cage Study - Hannah,Shallow Pelagic,,,,,,,
canary rockfish,05/17/2009,20.8,20-30,1,1.99,NA,Cage Study - Hannah,Deep Pelagic,,,,,,,
black rockfish,05/17/2009,20.5,20-30,1,1.99,NA,Cage Study - Hannah,Shallow Pelagic,,,,,,,
black rockfish,05/17/2009,20.3,20-30,1,1.98,NA,Cage Study - Hannah,Shallow Pelagic,,,,,,,
black rockfish,06/01/2009,9.0,0-10,1,2.08,NA,Cage Study - Hannah,Shallow Pelagic,,,,,,,
black rockfish,06/01/2009,8.0,0-10,1,2.07,NA,Cage Study - Hannah,Shallow Pelagic,,,,,,,
black rockfish,06/01/2009,8.0,0-10,1,2.07,NA,Cage Study - Hannah,Shallow Pelagic,,,,,,,
black rockfish,06/01/2009,8.0,0-10,1,2.07,NA,Cage Study - Hannah,Shallow Pelagic,,,,,,,
black rockfish,06/01/2009,12.0,10-20,1,2.09,NA,Cage Study - Hannah,Shallow Pelagic,,,,,,,
black rockfish,06/01/2009,13.0,10-20,1,2.08,NA,Cage Study - Hannah,Shallow Pelagic,,,,,,,
black rockfish,06/01/2009,12.5,10-20,1,2.07,NA,Cage Study - Hannah,Shallow Pelagic,,,,,,,
yelloweye rockfish,06/01/2009,18.0,10-20,1,2.09,NA,Cage Study - Hannah,Deep Demersal,,,,,,,
black rockfish,06/01/2009,16.0,10-20,1,2.08,NA,Cage Study - Hannah,Shallow Pelagic,,,,,,,
black rockfish,06/01/2009,16.0,10-20,1,2.08,NA,Cage Study - Hannah,Shallow Pelagic,,,,,,,
black rockfish,06/01/2009,16.0,10-20,1,2.08,NA,Cage Study - Hannah,Shallow Pelagic,,,,,,,
black rockfish,06/01/2009,20.2,20-30,1,2.10,NA,Cage Study - Hannah,Shallow Pelagic,,,,,,,
canary rockfish,06/01/2009,20.3,20-30,1,2.10,NA,Cage Study - Hannah,Deep Pelagic,,,,,,,
black rockfish,06/01/2009,20.3,20-30,1,2.10,NA,Cage Study - Hannah,Shallow Pelagic,,,,,,,
blue deachon rockfish,06/01/2009,12.0,10-20,1,1.93,NA,Cage Study - Hannah,Shallow Pelagic,,,,,,,
black rockfish,06/03/2009,7.0,0-10,1,2.04,NA,Cage Study - Hannah,Shallow Pelagic,,,,,,,
black rockfish,06/03/2009,5.3,0-10,1,2.05,NA,Cage Study - Hannah,Shallow Pelagic,,,,,,,
black rockfish,06/03/2009,6.0,0-10,1,2.07,NA,Cage Study - Hannah,Shallow Pelagic,,,,,,,
black rockfish,06/03/2009,7.7,0-10,1,2.08,NA,Cage Study - Hannah,Shallow Pelagic,,,,,,,
black rockfish,06/03/2009,10.8,10-20,1,1.97,NA,Cage Study - Hannah,Shallow Pelagic,,,,,,,
black rockfish,06/03/2009,11.7,10-20,1,1.97,NA,Cage Study - Hannah,Shallow Pelagic,,,,,,,
black rockfish,06/03/2009,7.0,0-10,1,1.97,NA,Cage Study - Hannah,Shallow Pelagic,,,,,,,
black rockfish,06/03/2009,7.0,0-10,1,1.96,NA,Cage Study - Hannah,Shallow Pelagic,,,,,,,
black rockfish,06/03/2009,19.0,10-20,1,1.88,NA,Cage Study - Hannah,Shallow Pelagic,,,,,,,
black rockfish,06/03/2009,18.2,10-20,1,1.87,NA,Cage Study - Hannah,Shallow Pelagic,,,,,,,
black rockfish,06/03/2009,19.5,10-20,1,1.87,NA,Cage Study - Hannah,Shallow Pelagic,,,,,,,
black rockfish,06/03/2009,19.0,10-20,1,1.85,NA,Cage Study - Hannah,Shallow Pelagic,,,,,,,
black rockfish,06/03/2009,24.0,20-30,1,1.71,NA,Cage Study - Hannah,Shallow Pelagic,,,,,,,
black rockfish,06/03/2009,20.5,20-30,1,1.71,NA,Cage Study - Hannah,Shallow Pelagic,,,,,,,
black rockfish,06/03/2009,20.2,20-30,1,1.71,NA,Cage Study - Hannah,Shallow Pelagic,,,,,,,
black rockfish,06/05/2009,7.0,0-10,1,1.95,NA,Cage Study - Hannah,Shallow Pelagic,,,,,,,
black rockfish,06/05/2009,7.0,0-10,1,1.94,NA,Cage Study - Hannah,Shallow Pelagic,,,,,,,
black rockfish,06/05/2009,6.8,0-10,1,1.94,NA,Cage Study - Hannah,Shallow Pelagic,,,,,,,
black rockfish,06/05/2009,6.7,0-10,1,1.94,NA,Cage Study - Hannah,Shallow Pelagic,,,,,,,
black rockfish,06/05/2009,11.7,10-20,1,1.94,NA,Cage Study - Hannah,Shallow Pelagic,,,,,,,
black rockfish,06/05/2009,13.0,10-20,1,1.94,NA,Cage Study - Hannah,Shallow Pelagic,,,,,,,
blue blue blue deacon rockfish,06/05/2009,12.5,10-20,1,1.94,NA,Cage Study - Hannah,Shallow Pelagic,,,,,,,
black rockfish,06/05/2009,12.5,10-20,1,1.93,NA,Cage Study - Hannah,Shallow Pelagic,,,,,,,
black rockfish,06/05/2009,18.0,10-20,1,1.92,NA,Cage Study - Hannah,Shallow Pelagic,,,,,,,
black rockfish,06/05/2009,17.8,10-20,1,1.92,NA,Cage Study - Hannah,Shallow Pelagic,,,,,,,
black rockfish,06/05/2009,17.8,10-20,1,1.92,NA,Cage Study - Hannah,Shallow Pelagic,,,,,,,
black rockfish,06/05/2009,18.3,10-20,1,1.91,NA,Cage Study - Hannah,Shallow Pelagic,,,,,,,
black rockfish,06/05/2009,20.0,10-20,1,1.96,NA,Cage Study - Hannah,Shallow Pelagic,,,,,,,
black rockfish,06/05/2009,21.2,20-30,1,1.95,NA,Cage Study - Hannah,Shallow Pelagic,,,,,,,
black rockfish,06/07/2009,7.0,0-10,1,2.07,NA,Cage Study - Hannah,Shallow Pelagic,,,,,,,
black rockfish,06/07/2009,8.0,0-10,1,2.07,NA,Cage Study - Hannah,Shallow Pelagic,,,,,,,
black rockfish,06/07/2009,8.7,0-10,1,2.07,NA,Cage Study - Hannah,Shallow Pelagic,,,,,,,
black rockfish,06/07/2009,8.0,0-10,1,2.06,NA,Cage Study - Hannah,Shallow Pelagic,,,,,,,
blue blue blue deacon rockfish,06/07/2009,10.3,10-20,1,2.06,NA,Cage Study - Hannah,Shallow Pelagic,,,,,,,
blue blue blue deacon rockfish,06/07/2009,10.3,10-20,1,2.06,NA,Cage Study - Hannah,Shallow Pelagic,,,,,,,
blue blue blue deacon rockfish,06/07/2009,10.5,10-20,1,2.06,NA,Cage Study - Hannah,Shallow Pelagic,,,,,,,
black rockfish,06/07/2009,10.7,10-20,1,2.05,NA,Cage Study - Hannah,Shallow Pelagic,,,,,,,
black rockfish,06/07/2009,17.0,10-20,1,1.91,NA,Cage Study - Hannah,Shallow Pelagic,,,,,,,
black rockfish,06/07/2009,18.0,10-20,0,1.90,NA,Cage Study - Hannah,Shallow Pelagic,,,,,,,
black rockfish,06/07/2009,16.5,10-20,1,1.84,NA,Cage Study - Hannah,Shallow Pelagic,,,,,,,
black rockfish,06/07/2009,16.0,10-20,1,1.88,NA,Cage Study - Hannah,Shallow Pelagic,,,,,,,
black rockfish,06/07/2009,20.0,10-20,0,1.93,NA,Cage Study - Hannah,Shallow Pelagic,,,,,,,
black rockfish,06/07/2009,20.2,20-30,1,1.93,NA,Cage Study - Hannah,Shallow Pelagic,,,,,,,
black rockfish,06/07/2009,20.0,10-20,0,1.93,NA,Cage Study - Hannah,Shallow Pelagic,,,,,,,
black rockfish,06/09/2009,5.2,0-10,1,1.95,NA,Cage Study - Hannah,Shallow Pelagic,,,,,,,
black rockfish,06/09/2009,7.5,0-10,1,1.95,NA,Cage Study - Hannah,Shallow Pelagic,,,,,,,
black rockfish,06/09/2009,6.0,0-10,1,1.95,NA,Cage Study - Hannah,Shallow Pelagic,,,,,,,
black rockfish,06/09/2009,6.5,0-10,1,1.95,NA,Cage Study - Hannah,Shallow Pelagic,,,,,,,
blue blue blue deacon rockfish,06/09/2009,12.0,10-20,1,2.00,NA,Cage Study - Hannah,Shallow Pelagic,,,,,,,
black rockfish,06/09/2009,11.8,10-20,1,1.97,NA,Cage Study - Hannah,Shallow Pelagic,,,,,,,
blue blue blue deacon rockfish,06/09/2009,11.7,10-20,1,1.97,NA,Cage Study - Hannah,Shallow Pelagic,,,,,,,
blue blue blue deacon rockfish,06/09/2009,11.0,10-20,1,1.97,NA,Cage Study - Hannah,Shallow Pelagic,,,,,,,
black rockfish,06/09/2009,25.0,20-30,0,1.99,NA,Cage Study - Hannah,Shallow Pelagic,,,,,,,
black rockfish,06/09/2009,24.8,20-30,0,1.98,NA,Cage Study - Hannah,Shallow Pelagic,,,,,,,
black rockfish,06/09/2009,25.0,20-30,0,1.97,NA,Cage Study - Hannah,Shallow Pelagic,,,,,,,
black rockfish,06/09/2009,25.0,20-30,0,1.97,NA,Cage Study - Hannah,Shallow Pelagic,,,,,,,
black rockfish,06/09/2009,25.0,20-30,0,1.97,NA,Cage Study - Hannah,Shallow Pelagic,,,,,,,
black rockfish,06/09/2009,25.2,20-30,0,1.97,NA,Cage Study - Hannah,Shallow Pelagic,,,,,,,
black rockfish,06/09/2009,25.0,20-30,0,1.97,NA,Cage Study - Hannah,Shallow Pelagic,,,,,,,
black rockfish,06/09/2009,25.2,20-30,0,1.97,NA,Cage Study - Hannah,Shallow Pelagic,,,,,,,
black rockfish,09/01/2009,9.2,0-10,1,1.90,NA,Cage Study - Hannah,Shallow Pelagic,,,,,,,
black rockfish,09/01/2009,11.5,10-20,1,1.92,NA,Cage Study - Hannah,Shallow Pelagic,,,,,,,
black rockfish,09/01/2009,12.6,10-20,1,1.90,NA,Cage Study - Hannah,Shallow Pelagic,,,,,,,
black rockfish,09/01/2009,9.2,0-10,1,1.91,NA,Cage Study - Hannah,Shallow Pelagic,,,,,,,
black rockfish,09/01/2009,17.4,10-20,1,1.97,NA,Cage Study - Hannah,Shallow Pelagic,,,,,,,
black rockfish,09/01/2009,19.0,10-20,1,1.91,NA,Cage Study - Hannah,Shallow Pelagic,,,,,,,
copper rockfish,09/01/2009,18.0,10-20,1,1.91,NA,Cage Study - Hannah,Shallow Demersal,,,,,,,
black rockfish,09/01/2009,17.0,10-20,1,1.90,NA,Cage Study - Hannah,Shallow Pelagic,,,,,,,
quillback rockfish,09/01/2009,26.8,20-30,1,1.99,NA,Cage Study - Hannah,Shallow Demersal,,,,,,,
yelloweye rockfish,09/01/2009,28.0,20-30,1,1.97,NA,Cage Study - Hannah,Deep Demersal,,,,,,,
quillback rockfish,09/01/2009,27.9,20-30,1,1.97,NA,Cage Study - Hannah,Shallow Demersal,,,,,,,
quillback rockfish,09/01/2009,30.0,20-30,1,1.96,NA,Cage Study - Hannah,Shallow Demersal,,,,,,,
copper rockfish,09/01/2009,23.5,20-30,1,1.95,NA,Cage Study - Hannah,Shallow Demersal,,,,,,,
black rockfish,09/01/2009,25.9,20-30,1,1.96,NA,Cage Study - Hannah,Shallow Pelagic,,,,,,,
black rockfish,09/01/2009,26.9,20-30,1,1.94,NA,Cage Study - Hannah,Shallow Pelagic,,,,,,,
yelloweye rockfish,09/01/2009,27.0,20-30,1,1.98,NA,Cage Study - Hannah,Deep Demersal,,,,,,,
black rockfish,09/15/2009,11.1,10-20,1,2.86,NA,Cage Study - Hannah,Shallow Pelagic,,,,,,,
black rockfish,09/15/2009,11.0,10-20,1,2.86,NA,Cage Study - Hannah,Shallow Pelagic,,,,,,,
black rockfish,09/15/2009,12.7,10-20,1,2.87,NA,Cage Study - Hannah,Shallow Pelagic,,,,,,,
black rockfish,09/15/2009,10.4,10-20,1,2.87,NA,Cage Study - Hannah,Shallow Pelagic,,,,,,,
black rockfish,09/15/2009,19.0,10-20,1,2.89,NA,Cage Study - Hannah,Shallow Pelagic,,,,,,,
black rockfish,09/15/2009,14.9,10-20,0,2.89,NA,Cage Study - Hannah,Shallow Pelagic,,,,,,,
black rockfish,09/15/2009,18.8,10-20,1,2.88,NA,Cage Study - Hannah,Shallow Pelagic,,,,,,,
quillback rockfish,09/15/2009,18.0,10-20,1,2.90,NA,Cage Study - Hannah,Shallow Demersal,,,,,,,
canary rockfish,09/15/2009,30.4,30-40,1,2.95,NA,Cage Study - Hannah,Deep Pelagic,,,,,,,
blue blue blue deacon rockfish,09/15/2009,29.0,20-30,0,2.96,NA,Cage Study - Hannah,Shallow Pelagic,,,,,,,
black rockfish,09/15/2009,30.9,30-40,1,2.95,NA,Cage Study - Hannah,Shallow Pelagic,,,,,,,
black rockfish,09/15/2009,31.5,30-40,1,2.95,NA,Cage Study - Hannah,Shallow Pelagic,,,,,,,
blue blue blue deacon rockfish,09/15/2009,17.8,10-20,1,2.92,NA,Cage Study - Hannah,Shallow Pelagic,,,,,,,
copper rockfish,09/15/2009,23.4,10-20,1,2.91,NA,Cage Study - Hannah,Shallow Demersal,,,,,,,
yelloweye rockfish,09/15/2009,23.9,20-30,1,2.91,NA,Cage Study - Hannah,Deep Demersal,,,,,,,
quillback rockfish,09/15/2009,27.1,20-30,1,2.90,NA,Cage Study - Hannah,Shallow Demersal,,,,,,,
black rockfish,10/05/2009,10.1,10-20,1,1.77,NA,Cage Study - Hannah,Shallow Pelagic,,,,,,,
black rockfish,10/05/2009,10.4,10-20,1,1.76,NA,Cage Study - Hannah,Shallow Pelagic,,,,,,,
black rockfish,10/05/2009,9.3,0-10,1,1.76,NA,Cage Study - Hannah,Shallow Pelagic,,,,,,,
china rockfish,10/05/2009,10.1,10-20,1,1.74,NA,Cage Study - Hannah,Shallow Demersal,,,,,,,
canary rockfish,10/05/2009,18.5,10-20,1,1.93,NA,Cage Study - Hannah,Deep Pelagic,,,,,,,
yelloweye rockfish,10/05/2009,19.2,10-20,1,1.92,NA,Cage Study - Hannah,Deep Demersal,,,,,,,
quillback rockfish,10/05/2009,19.7,10-20,1,1.90,NA,Cage Study - Hannah,Shallow Demersal,,,,,,,
canary rockfish,10/05/2009,19.6,10-20,1,1.90,NA,Cage Study - Hannah,Deep Pelagic,,,,,,,
black rockfish,10/05/2009,30.7,30-40,1,2.21,NA,Cage Study - Hannah,Shallow Pelagic,,,,,,,
quillback rockfish,10/05/2009,29.9,20-30,1,2.21,NA,Cage Study - Hannah,Shallow Demersal,,,,,,,
yelloweye rockfish,10/05/2009,27.6,20-30,1,2.21,NA,Cage Study - Hannah,Deep Demersal,,,,,,,
canary rockfish,10/05/2009,28.9,20-30,1,2.20,NA,Cage Study - Hannah,Deep Pelagic,,,,,,,
canary rockfish,10/05/2009,24.8,20-30,1,2.06,NA,Cage Study - Hannah,Deep Pelagic,,,,,,,
yelloweye rockfish,10/05/2009,25.5,20-30,1,2.06,NA,Cage Study - Hannah,Deep Demersal,,,,,,,
yelloweye rockfish,10/05/2009,26.9,20-30,1,2.06,NA,Cage Study - Hannah,Deep Demersal,,,,,,,
quillback rockfish,10/05/2009,24.7,20-30,1,2.05,NA,Cage Study - Hannah,Shallow Demersal,,,,,,,
blue blue blue deacon rockfish,10/07/2009,11.9,10-20,1,1.97,NA,Cage Study - Hannah,Shallow Pelagic,,,,,,,
black rockfish,10/07/2009,13.9,10-20,1,1.97,NA,Cage Study - Hannah,Shallow Pelagic,,,,,,,
blue blue blue deacon rockfish,10/07/2009,9.8,0-10,1,1.95,NA,Cage Study - Hannah,Shallow Pelagic,,,,,,,
blue blue blue deacon rockfish,10/07/2009,10.9,10-20,1,1.94,NA,Cage Study - Hannah,Shallow Pelagic,,,,,,,
blue blue blue deacon rockfish,10/07/2009,16.4,10-20,1,1.96,NA,Cage Study - Hannah,Shallow Pelagic,,,,,,,
blue blue blue deacon rockfish,10/07/2009,16.8,10-20,1,1.96,NA,Cage Study - Hannah,Shallow Pelagic,,,,,,,
canary rockfish,10/07/2009,18.1,10-20,1,1.95,NA,Cage Study - Hannah,Deep Pelagic,,,,,,,
blue blue blue deacon rockfish,10/07/2009,16.5,10-20,0,1.95,NA,Cage Study - Hannah,Shallow Pelagic,,,,,,,
canary rockfish,10/07/2009,29.9,20-30,1,1.87,NA,Cage Study - Hannah,Deep Pelagic,,,,,,,
quillback rockfish,10/07/2009,26.8,20-30,1,1.87,NA,Cage Study - Hannah,Shallow Demersal,,,,,,,
canary rockfish,10/07/2009,29.7,20-30,1,1.86,NA,Cage Study - Hannah,Deep Pelagic,,,,,,,
canary rockfish,10/07/2009,29.1,20-30,1,1.86,NA,Cage Study - Hannah,Deep Pelagic,,,,,,,
blue blue blue deacon rockfish,10/07/2009,21.1,20-30,1,2.03,NA,Cage Study - Hannah,Shallow Pelagic,,,,,,,
yelloweye rockfish,10/07/2009,19.2,10-20,1,2.02,NA,Cage Study - Hannah,Deep Demersal,,,,,,,
china rockfish,10/07/2009,21.1,20-30,1,2.00,NA,Cage Study - Hannah,Shallow Demersal,,,,,,,
black rockfish,10/07/2009,20.4,20-30,1,1.99,NA,Cage Study - Hannah,Shallow Pelagic,,,,,,,
canary rockfish,10/09/2009,12.4,10-20,1,1.99,NA,Cage Study - Hannah,Deep Pelagic,,,,,,,
blue blue blue deacon rockfish,10/09/2009,12.9,10-20,1,1.99,NA,Cage Study - Hannah,Shallow Pelagic,,,,,,,
blue blue blue deacon rockfish,10/09/2009,12.7,10-20,1,1.96,NA,Cage Study - Hannah,Shallow Pelagic,,,,,,,
blue blue blue deacon rockfish,10/09/2009,15.8,10-20,1,1.94,NA,Cage Study - Hannah,Shallow Pelagic,,,,,,,
canary rockfish,10/09/2009,16.1,10-20,1,1.93,NA,Cage Study - Hannah,Deep Pelagic,,,,,,,
black rockfish,10/09/2009,19.8,10-20,1,1.92,NA,Cage Study - Hannah,Shallow Pelagic,,,,,,,
black rockfish,10/09/2009,20.1,20-30,0,1.92,NA,Cage Study - Hannah,Shallow Pelagic,,,,,,,
blue blue blue deacon rockfish,10/09/2009,16.2,10-20,0,1.92,NA,Cage Study - Hannah,Shallow Pelagic,,,,,,,
black rockfish,10/09/2009,15.0,10-20,1,1.89,NA,Cage Study - Hannah,Shallow Pelagic,,,,,,,
canary rockfish,10/09/2009,23.0,20-30,1,1.88,NA,Cage Study - Hannah,Deep Pelagic,,,,,,,
black rockfish,10/09/2009,20.6,20-30,1,1.88,NA,Cage Study - Hannah,Shallow Pelagic,,,,,,,
copper rockfish,10/09/2009,20.9,20-30,1,1.87,NA,Cage Study - Hannah,Shallow Demersal,,,,,,,
canary rockfish,10/09/2009,29.2,20-30,1,1.85,NA,Cage Study - Hannah,Deep Pelagic,,,,,,,
black rockfish,10/09/2009,23.4,20-30,1,1.85,NA,Cage Study - Hannah,Shallow Pelagic,,,,,,,
canary rockfish,10/09/2009,27.8,20-30,1,1.84,NA,Cage Study - Hannah,Deep Pelagic,,,,,,,
yelloweye rockfish,10/09/2009,25.8,20-30,1,1.83,NA,Cage Study - Hannah,Deep Demersal,,,,,,,
blue blue blue deacon rockfish,11/02/2009,12.2,10-20,1,1.99,NA,Cage Study - Hannah,Shallow Pelagic,,,,,,,
black rockfish,11/02/2009,11.3,10-20,1,1.98,NA,Cage Study - Hannah,Shallow Pelagic,,,,,,,
blue blue blue deacon rockfish,11/02/2009,11.5,10-20,1,1.98,NA,Cage Study - Hannah,Shallow Pelagic,,,,,,,
blue blue deacon rockfish,11/02/2009,14.5,10-20,1,1.95,NA,Cage Study - Hannah,Shallow Pelagic,,,,,,,
canary rockfish,11/02/2009,16.5,10-20,1,1.94,NA,Cage Study - Hannah,Deep Pelagic,,,,,,,
blue blue deacon rockfish,11/02/2009,16.2,10-20,1,1.90,NA,Cage Study - Hannah,Shallow Pelagic,,,,,,,
black rockfish,11/02/2009,17.0,10-20,1,1.89,NA,Cage Study - Hannah,Shallow Pelagic,,,,,,,
quillback rockfish,11/02/2009,16.6,10-20,1,1.89,NA,Cage Study - Hannah,Shallow Demersal,,,,,,,
black rockfish,11/02/2009,23.5,20-30,1,1.87,NA,Cage Study - Hannah,Shallow Pelagic,,,,,,,
canary rockfish,11/02/2009,23.3,20-30,1,1.87,NA,Cage Study - Hannah,Deep Pelagic,,,,,,,
black rockfish,11/02/2009,23.5,20-30,1,1.86,NA,Cage Study - Hannah,Shallow Pelagic,,,,,,,
blue blue deacon rockfish,11/02/2009,23.6,20-30,1,1.84,NA,Cage Study - Hannah,Shallow Pelagic,,,,,,,
copper rockfish,11/02/2009,28.7,20-30,1,1.86,NA,Cage Study - Hannah,Shallow Demersal,,,,,,,
yelloweye rockfish,11/02/2009,28.2,20-30,1,1.84,NA,Cage Study - Hannah,Deep Demersal,,,,,,,
yelloweye rockfish,11/02/2009,28.7,20-30,1,1.83,NA,Cage Study - Hannah,Deep Demersal,,,,,,,
canary rockfish,11/02/2009,29.6,20-30,1,1.83,NA,Cage Study - Hannah,Deep Pelagic,,,,,,,
black rockfish,06/22/2010,13.5,10-20,1,1.82,NA,Cage Study - Hannah,Shallow Pelagic,,,,,,,
black rockfish,06/22/2010,12.9,10-20,1,1.82,NA,Cage Study - Hannah,Shallow Pelagic,,,,,,,
black rockfish,06/22/2010,12.6,10-20,1,1.82,NA,Cage Study - Hannah,Shallow Pelagic,,,,,,,
black rockfish,06/22/2010,12.2,10-20,1,1.81,NA,Cage Study - Hannah,Shallow Pelagic,,,,,,,
black rockfish,06/22/2010,17.4,10-20,1,1.82,NA,Cage Study - Hannah,Shallow Pelagic,,,,,,,
blue blue deacon rockfish,06/22/2010,19.0,10-20,1,1.81,NA,Cage Study - Hannah,Shallow Pelagic,,,,,,,
black rockfish,06/22/2010,18.2,10-20,0,1.81,NA,Cage Study - Hannah,Shallow Pelagic,,,,,,,
black rockfish,06/22/2010,18.7,10-20,1,1.80,NA,Cage Study - Hannah,Shallow Pelagic,,,,,,,
quillback rockfish,06/22/2010,24.4,20-30,1,1.92,NA,Cage Study - Hannah,Shallow Demersal,,,,,,,
quillback rockfish,06/22/2010,24.8,20-30,1,1.91,NA,Cage Study - Hannah,Shallow Demersal,,,,,,,
yelloweye rockfish,06/22/2010,24.8,20-30,1,1.90,NA,Cage Study - Hannah,Deep Demersal,,,,,,,
quillback rockfish,06/22/2010,24.7,20-30,1,1.90,NA,Cage Study - Hannah,Shallow Demersal,,,,,,,
blue blue deacon rockfish,06/22/2010,29.2,20-30,0,1.89,NA,Cage Study - Hannah,Shallow Pelagic,,,,,,,
black rockfish,06/22/2010,27.1,20-30,1,1.87,NA,Cage Study - Hannah,Shallow Pelagic,,,,,,,
blue blue deacon rockfish,06/22/2010,25.2,20-30,1,1.87,NA,Cage Study - Hannah,Shallow Pelagic,,,,,,,
blue blue deacon rockfish,06/22/2010,27.3,20-30,0,1.85,NA,Cage Study - Hannah,Shallow Pelagic,,,,,,,
black rockfish,06/29/2010,14.1,10-20,1,1.93,NA,Cage Study - Hannah,Shallow Pelagic,,,,,,,
black rockfish,06/29/2010,13.7,10-20,1,1.94,NA,Cage Study - Hannah,Shallow Pelagic,,,,,,,
black rockfish,06/29/2010,13.9,10-20,1,1.92,NA,Cage Study - Hannah,Shallow Pelagic,,,,,,,
black rockfish,06/29/2010,13.1,10-20,1,1.92,NA,Cage Study - Hannah,Shallow Pelagic,,,,,,,
black rockfish,06/29/2010,15.0,10-20,1,1.94,NA,Cage Study - Hannah,Shallow Pelagic,,,,,,,
black rockfish,06/29/2010,15.3,10-20,1,1.95,NA,Cage Study - Hannah,Shallow Pelagic,,,,,,,
black rockfish,06/29/2010,16.5,10-20,1,1.95,NA,Cage Study - Hannah,Shallow Pelagic,,,,,,,
blue blue deacon rockfish,06/29/2010,18.4,10-20,1,1.95,NA,Cage Study - Hannah,Shallow Pelagic,,,,,,,
copper rockfish,06/29/2010,22.0,20-30,1,2.01,NA,Cage Study - Hannah,Shallow Demersal,,,,,,,
blue blue deacon rockfish,06/29/2010,22.2,20-30,1,2.01,NA,Cage Study - Hannah,Shallow Pelagic,,,,,,,
yelloweye rockfish,06/29/2010,22.4,20-30,1,2.00,NA,Cage Study - Hannah,Deep Demersal,,,,,,,
blue blue deacon rockfish,06/29/2010,21.3,20-30,0,2.00,NA,Cage Study - Hannah,Shallow Pelagic,,,,,,,
canary rockfish,06/29/2010,26.2,20-30,1,2.04,NA,Cage Study - Hannah,Deep Pelagic,,,,,,,
canary rockfish,06/29/2010,25.2,20-30,1,2.04,NA,Cage Study - Hannah,Deep Pelagic,,,,,,,
canary rockfish,06/29/2010,27.3,20-30,1,2.03,NA,Cage Study - Hannah,Deep Pelagic,,,,,,,
black rockfish,06/29/2010,28.9,20-30,1,2.03,NA,Cage Study - Hannah,Shallow Pelagic,,,,,,,
quillback rockfish,07/27/2010,16.0,10-20,1,1.95,NA,Cage Study - Hannah,Shallow Demersal,,,,,,,
canary rockfish,07/27/2010,17.0,10-20,1,1.94,NA,Cage Study - Hannah,Deep Pelagic,,,,,,,
canary rockfish,07/27/2010,17.8,10-20,1,1.93,NA,Cage Study - Hannah,Deep Pelagic,,,,,,,
yelloweye rockfish,07/27/2010,12.7,10-20,1,1.93,NA,Cage Study - Hannah,Deep Demersal,,,,,,,
quillback rockfish,07/27/2010,18.2,10-20,1,1.90,NA,Cage Study - Hannah,Shallow Demersal,,,,,,,
blue blue deacon rockfish,07/27/2010,24.7,20-30,1,1.89,NA,Cage Study - Hannah,Shallow Pelagic,,,,,,,
yelloweye rockfish,07/27/2010,24.2,20-30,1,1.88,NA,Cage Study - Hannah,Deep Demersal,,,,,,,
yelloweye rockfish,07/27/2010,24.2,20-30,1,1.87,NA,Cage Study - Hannah,Deep Demersal,,,,,,,
copper rockfish,07/27/2010,24.2,20-30,1,1.85,NA,Cage Study - Hannah,Shallow Demersal,,,,,,,
quillback rockfish,07/27/2010,24.8,20-30,1,1.84,NA,Cage Study - Hannah,Shallow Demersal,,,,,,,
quillback rockfish,07/27/2010,27.7,20-30,1,1.83,NA,Cage Study - Hannah,Shallow Demersal,,,,,,,
yelloweye rockfish,07/27/2010,27.1,20-30,1,1.83,NA,Cage Study - Hannah,Deep Demersal,,,,,,,
quillback rockfish,07/27/2010,27.0,20-30,1,1.79,NA,Cage Study - Hannah,Shallow Demersal,,,,,,,
canary rockfish,07/27/2010,26.5,20-30,1,1.78,NA,Cage Study - Hannah,Deep Pelagic,,,,,,,
canary rockfish,08/11/2010,19.6,10-20,1,1.87,NA,Cage Study - Hannah,Deep Pelagic,,,,,,,
canary rockfish,08/11/2010,19.6,10-20,1,1.87,NA,Cage Study - Hannah,Deep Pelagic,,,,,,,
copper rockfish,08/11/2010,18.8,10-20,1,1.86,NA,Cage Study - Hannah,Shallow Demersal,,,,,,,
china rockfish,08/11/2010,18.6,10-20,1,1.85,NA,Cage Study - Hannah,Shallow Demersal,,,,,,,
yelloweye rockfish,08/11/2010,14.7,10-20,1,1.83,NA,Cage Study - Hannah,Deep Demersal,,,,,,,
blue blue deacon rockfish,08/11/2010,24.5,20-30,0,1.92,NA,Cage Study - Hannah,Shallow Pelagic,,,,,,,
yelloweye rockfish,08/11/2010,22.8,20-30,1,1.92,NA,Cage Study - Hannah,Deep Demersal,,,,,,,
quillback rockfish,08/11/2010,23.7,20-30,1,1.92,NA,Cage Study - Hannah,Shallow Demersal,,,,,,,
copper rockfish,08/11/2010,24.0,20-30,1,1.91,NA,Cage Study - Hannah,Shallow Demersal,,,,,,,
quillback rockfish,08/11/2010,23.7,20-30,1,1.90,NA,Cage Study - Hannah,Shallow Demersal,,,,,,,
canary rockfish,08/11/2010,28.0,20-30,1,1.96,NA,Cage Study - Hannah,Deep Pelagic,,,,,,,
quillback rockfish,08/11/2010,28.5,20-30,1,1.95,NA,Cage Study - Hannah,Shallow Demersal,,,,,,,
black rockfish,08/11/2010,27.7,20-30,1,1.94,NA,Cage Study - Hannah,Shallow Pelagic,,,,,,,
black rockfish,08/11/2010,28.3,20-30,1,1.95,NA,Cage Study - Hannah,Shallow Pelagic,,,,,,,
canary rockfish,08/11/2010,28.6,20-30,1,1.93,NA,Cage Study - Hannah,Deep Pelagic,,,,,,,
canary rockfish,09/13/2010,19.0,10-20,1,1.86,NA,Cage Study - Hannah,Deep Pelagic,,,,,,,
canary rockfish,09/13/2010,18.7,10-20,1,1.84,NA,Cage Study - Hannah,Deep Pelagic,,,,,,,
canary rockfish,09/13/2010,19.7,10-20,1,1.83,NA,Cage Study - Hannah,Deep Pelagic,,,,,,,
canary rockfish,09/13/2010,17.1,10-20,1,1.81,NA,Cage Study - Hannah,Deep Pelagic,,,,,,,
canary rockfish,09/13/2010,17.3,10-20,1,1.80,NA,Cage Study - Hannah,Deep Pelagic,,,,,,,
quillback rockfish,09/13/2010,21.1,20-30,1,1.89,NA,Cage Study - Hannah,Shallow Demersal,,,,,,,
canary rockfish,09/13/2010,23.2,20-30,1,1.86,NA,Cage Study - Hannah,Deep Pelagic,,,,,,,
copper rockfish,09/13/2010,23.9,20-30,1,1.87,NA,Cage Study - Hannah,Shallow Demersal,,,,,,,
canary rockfish,09/13/2010,22.3,20-30,1,1.85,NA,Cage Study - Hannah,Deep Pelagic,,,,,,,
canary rockfish,09/13/2010,23.5,20-30,1,1.84,NA,Cage Study - Hannah,Deep Pelagic,,,,,,,
quillback rockfish,09/13/2010,27.4,20-30,1,1.95,NA,Cage Study - Hannah,Shallow Demersal,,,,,,,
yelloweye rockfish,09/13/2010,24.3,20-30,1,1.95,NA,Cage Study - Hannah,Deep Demersal,,,,,,,
yelloweye rockfish,09/13/2010,27.2,20-30,1,1.94,NA,Cage Study - Hannah,Deep Demersal,,,,,,,
quillback rockfish,09/13/2010,27.4,20-30,1,1.94,NA,Cage Study - Hannah,Shallow Demersal,,,,,,,
yelloweye rockfish,09/13/2010,27.3,20-30,1,1.90,NA,Cage Study - Hannah,Deep Demersal,,,,,,,
black rockfish,10/17/2010,25.0,20-30,1,1.82,NA,Cage Study - Hannah,Shallow Pelagic,,,,,,,
quillback rockfish,10/17/2010,23.8,20-30,1,1.82,NA,Cage Study - Hannah,Shallow Demersal,,,,,,,
yelloweye rockfish,10/17/2010,22.6,20-30,1,1.85,NA,Cage Study - Hannah,Deep Demersal,,,,,,,
blue blue deacon rockfish,10/17/2010,23.4,20-30,1,1.88,NA,Cage Study - Hannah,Shallow Pelagic,,,,,,,
canary rockfish,10/17/2010,24.5,20-30,1,1.88,NA,Cage Study - Hannah,Deep Pelagic,,,,,,,
canary rockfish,10/17/2010,29.3,20-30,1,2.00,NA,Cage Study - Hannah,Deep Pelagic,,,,,,,
yelloweye rockfish,10/17/2010,29.0,20-30,1,2.00,NA,Cage Study - Hannah,Deep Demersal,,,,,,,
canary rockfish,10/17/2010,29.1,20-30,1,1.91,NA,Cage Study - Hannah,Deep Pelagic,,,,,,,
quillback rockfish,10/17/2010,27.0,20-30,1,1.91,NA,Cage Study - Hannah,Shallow Demersal,,,,,,,
quillback rockfish,10/17/2010,25.0,20-30,1,1.89,NA,Cage Study - Hannah,Shallow Demersal,,,,,,,
yelloweye rockfish,09/06/2012,28.8,20-30,1,3.83,NA,Cage Study - Hannah,Deep Demersal,,,,,,,
yelloweye rockfish,09/06/2012,29.5,20-30,1,3.83,NA,Cage Study - Hannah,Deep Demersal,,,,,,,
canary rockfish,09/06/2012,29.5,20-30,1,3.82,NA,Cage Study - Hannah,Deep Pelagic,,,,,,,
canary rockfish,09/06/2012,29.5,20-30,1,3.82,NA,Cage Study - Hannah,Deep Pelagic,,,,,,,
canary rockfish,09/06/2012,29.5,20-30,1,3.82,NA,Cage Study - Hannah,Deep Pelagic,,,,,,,
canary rockfish,09/06/2012,29.5,20-30,1,3.82,NA,Cage Study - Hannah,Deep Pelagic,,,,,,,
canary rockfish,09/06/2012,29.3,20-30,1,3.82,NA,Cage Study - Hannah,Deep Pelagic,,,,,,,
yelloweye rockfish,09/06/2012,28.0,20-30,1,3.82,NA,Cage Study - Hannah,Deep Demersal,,,,,,,
yelloweye rockfish,09/06/2012,28.7,20-30,1,3.82,NA,Cage Study - Hannah,Deep Demersal,,,,,,,
yelloweye rockfish,09/06/2012,29.0,20-30,1,3.83,NA,Cage Study - Hannah,Deep Demersal,,,,,,,
yelloweye rockfish,09/06/2012,28.2,20-30,1,3.81,NA,Cage Study - Hannah,Deep Demersal,,,,,,,
yelloweye rockfish,09/06/2012,28.2,20-30,1,3.82,NA,Cage Study - Hannah,Deep Demersal,,,,,,,
yelloweye rockfish,09/06/2012,27.2,20-30,1,3.82,NA,Cage Study - Hannah,Deep Demersal,,,,,,,
yelloweye rockfish,09/06/2012,27.3,20-30,1,3.82,NA,Cage Study - Hannah,Deep Demersal,,,,,,,
yelloweye rockfish,09/06/2012,25.7,20-30,1,3.82,NA,Cage Study - Hannah,Deep Demersal,,,,,,,
yelloweye rockfish,09/06/2012,26.0,20-30,1,3.82,NA,Cage Study - Hannah,Deep Demersal,,,,,,,
yelloweye rockfish,09/13/2012,31.8,30-40,1,3.96,NA,Cage Study - Hannah,Deep Demersal,,,,,,,
yelloweye rockfish,09/13/2012,31.2,30-40,1,3.96,NA,Cage Study - Hannah,Deep Demersal,,,,,,,
yelloweye rockfish,09/13/2012,31.7,30-40,1,3.95,NA,Cage Study - Hannah,Deep Demersal,,,,,,,
canary rockfish,09/13/2012,30.5,30-40,1,3.95,NA,Cage Study - Hannah,Deep Pelagic,,,,,,,
yelloweye rockfish,09/13/2012,34.2,30-40,1,3.94,NA,Cage Study - Hannah,Deep Demersal,,,,,,,
yelloweye rockfish,09/13/2012,32.7,30-40,1,3.93,NA,Cage Study - Hannah,Deep Demersal,,,,,,,
yelloweye rockfish,09/13/2012,31.2,30-40,1,3.92,NA,Cage Study - Hannah,Deep Demersal,,,,,,,
canary rockfish,09/13/2012,34.5,30-40,1,3.90,NA,Cage Study - Hannah,Deep Pelagic,,,,,,,
yelloweye rockfish,09/13/2012,34.5,30-40,1,3.92,NA,Cage Study - Hannah,Deep Demersal,,,,,,,
canary rockfish,09/13/2012,32.7,30-40,1,3.92,NA,Cage Study - Hannah,Deep Pelagic,,,,,,,
yelloweye rockfish,09/13/2012,35.2,30-40,1,3.91,NA,Cage Study - Hannah,Deep Demersal,,,,,,,
yelloweye rockfish,09/13/2012,30.2,30-40,1,3.89,NA,Cage Study - Hannah,Deep Demersal,,,,,,,
yelloweye rockfish,09/13/2012,30.5,30-40,1,3.90,NA,Cage Study - Hannah,Deep Demersal,,,,,,,
yelloweye rockfish,09/13/2012,30.8,30-40,1,3.90,NA,Cage Study - Hannah,Deep Demersal,,,,,,,
yelloweye rockfish,09/13/2012,34.0,30-40,1,3.90,NA,Cage Study - Hannah,Deep Demersal,,,,,,,
yelloweye rockfish,09/20/2012,35.5,30-40,1,3.98,NA,Cage Study - Hannah,Deep Demersal,,,,,,,
yelloweye rockfish,09/20/2012,35.3,30-40,1,3.98,NA,Cage Study - Hannah,Deep Demersal,,,,,,,
yelloweye rockfish,09/20/2012,38.0,30-40,1,3.97,NA,Cage Study - Hannah,Deep Demersal,,,,,,,
yelloweye rockfish,09/20/2012,36.7,30-40,1,3.96,NA,Cage Study - Hannah,Deep Demersal,,,,,,,
yelloweye rockfish,09/20/2012,35.8,30-40,1,3.95,NA,Cage Study - Hannah,Deep Demersal,,,,,,,
tiger rockfish,09/20/2012,37.3,30-40,1,3.95,NA,Cage Study - Hannah,Deep Demersal,,,,,,,
yelloweye rockfish,09/20/2012,37.2,30-40,1,3.94,NA,Cage Study - Hannah,Deep Demersal,,,,,,,
yelloweye rockfish,09/20/2012,35.8,30-40,1,3.94,NA,Cage Study - Hannah,Deep Demersal,,,,,,,
yelloweye rockfish,09/20/2012,40.3,40-50,1,3.93,NA,Cage Study - Hannah,Deep Demersal,,,,,,,
canary rockfish,09/20/2012,39.8,30-40,0,3.89,NA,Cage Study - Hannah,Deep Pelagic,,,,,,,
yelloweye rockfish,09/20/2012,37.7,30-40,1,3.89,NA,Cage Study - Hannah,Deep Demersal,,,,,,,
yelloweye rockfish,09/20/2012,39.3,30-40,1,3.89,NA,Cage Study - Hannah,Deep Demersal,,,,,,,
yelloweye rockfish,09/20/2012,39.3,30-40,1,3.89,NA,Cage Study - Hannah,Deep Demersal,,,,,,,
yelloweye rockfish,09/20/2012,40.2,40-50,1,3.89,NA,Cage Study - Hannah,Deep Demersal,,,,,,,
yelloweye rockfish,09/20/2012,38.8,30-40,1,3.89,NA,Cage Study - Hannah,Deep Demersal,,,,,,,
yelloweye rockfish,09/20/2012,36.8,30-40,0,3.89,NA,Cage Study - Hannah,Deep Demersal,,,,,,,
yelloweye rockfish,09/27/2012,42.8,40-50,1,3.98,NA,Cage Study - Hannah,Deep Demersal,,,,,,,
canary rockfish,09/27/2012,40.8,40-50,1,3.99,NA,Cage Study - Hannah,Deep Pelagic,,,,,,,
yelloweye rockfish,09/27/2012,41.3,40-50,1,3.98,NA,Cage Study - Hannah,Deep Demersal,,,,,,,
canary rockfish,09/27/2012,41.3,40-50,1,3.98,NA,Cage Study - Hannah,Deep Pelagic,,,,,,,
yelloweye rockfish,09/27/2012,41.7,40-50,1,3.91,NA,Cage Study - Hannah,Deep Demersal,,,,,,,
yelloweye rockfish,09/27/2012,42.0,40-50,1,3.89,NA,Cage Study - Hannah,Deep Demersal,,,,,,,
yelloweye rockfish,09/27/2012,42.0,40-50,1,3.90,NA,Cage Study - Hannah,Deep Demersal,,,,,,,
yelloweye rockfish,09/27/2012,41.2,40-50,1,3.90,NA,Cage Study - Hannah,Deep Demersal,,,,,,,
canary rockfish,09/27/2012,43.2,40-50,1,3.85,NA,Cage Study - Hannah,Deep Pelagic,,,,,,,
yelloweye rockfish,09/27/2012,42.5,40-50,1,3.85,NA,Cage Study - Hannah,Deep Demersal,,,,,,,
yelloweye rockfish,09/27/2012,42.3,40-50,1,3.83,NA,Cage Study - Hannah,Deep Demersal,,,,,,,
tiger rockfish,09/27/2012,43.3,40-50,1,3.83,NA,Cage Study - Hannah,Deep Demersal,,,,,,,
yelloweye rockfish,09/27/2012,42.0,40-50,1,3.81,NA,Cage Study - Hannah,Deep Demersal,,,,,,,
yelloweye rockfish,09/27/2012,43.5,40-50,1,3.79,NA,Cage Study - Hannah,Deep Demersal,,,,,,,
yelloweye rockfish,09/27/2012,40.7,40-50,1,3.80,NA,Cage Study - Hannah,Deep Demersal,,,,,,,
canary rockfish,09/27/2012,41.0,40-50,0,3.80,NA,Cage Study - Hannah,Deep Pelagic,,,,,,,
yelloweye rockfish,10/08/2012,36.7,30-40,1,3.28,NA,Cage Study - Hannah,Deep Demersal,,,,,,,
yelloweye rockfish,10/08/2012,36.7,30-40,1,3.29,NA,Cage Study - Hannah,Deep Demersal,,,,,,,
canary rockfish,10/08/2012,36.5,30-40,1,3.26,NA,Cage Study - Hannah,Deep Pelagic,,,,,,,
yelloweye rockfish,10/08/2012,37.2,30-40,1,3.24,NA,Cage Study - Hannah,Deep Demersal,,,,,,,
yelloweye rockfish,10/08/2012,36.2,30-40,1,3.21,NA,Cage Study - Hannah,Deep Demersal,,,,,,,
yelloweye rockfish,10/08/2012,38.8,30-40,1,3.19,NA,Cage Study - Hannah,Deep Demersal,,,,,,,
yelloweye rockfish,10/08/2012,38.2,30-40,1,3.20,NA,Cage Study - Hannah,Deep Demersal,,,,,,,
yelloweye rockfish,10/08/2012,40.8,40-50,0,3.18,NA,Cage Study - Hannah,Deep Demersal,,,,,,,
yelloweye rockfish,10/08/2012,43.3,40-50,1,3.16,NA,Cage Study - Hannah,Deep Demersal,,,,,,,
canary rockfish,10/08/2012,44.5,40-50,1,3.14,NA,Cage Study - Hannah,Deep Pelagic,,,,,,,
yelloweye rockfish,10/08/2012,42.0,40-50,1,3.12,NA,Cage Study - Hannah,Deep Demersal,,,,,,,
yelloweye rockfish,10/08/2012,42.0,40-50,1,2.30,NA,Cage Study - Hannah,Deep Demersal,,,,,,,
canary rockfish,04/26/2013,30.3,30-40,1,2.95,NA,Cage Study - Hannah,Deep Pelagic,,,,,,,
yelloweye rockfish,04/26/2013,30.2,30-40,0,2.95,NA,Cage Study - Hannah,Deep Demersal,,,,,,,
canary rockfish,04/26/2013,30.0,30-40,1,2.95,NA,Cage Study - Hannah,Deep Pelagic,,,,,,,
canary rockfish,04/26/2013,31.3,30-40,1,2.98,NA,Cage Study - Hannah,Deep Pelagic,,,,,,,
canary rockfish,04/26/2013,31.3,30-40,1,2.94,NA,Cage Study - Hannah,Deep Pelagic,,,,,,,
yelloweye rockfish,04/26/2013,31.7,30-40,1,2.91,NA,Cage Study - Hannah,Deep Demersal,,,,,,,
yelloweye rockfish,04/26/2013,30.8,30-40,1,2.91,NA,Cage Study - Hannah,Deep Demersal,,,,,,,
canary rockfish,04/26/2013,30.7,30-40,1,2.90,NA,Cage Study - Hannah,Deep Pelagic,,,,,,,
canary rockfish,04/26/2013,30.0,30-40,1,2.90,NA,Cage Study - Hannah,Deep Pelagic,,,,,,,
canary rockfish,04/26/2013,30.5,30-40,1,2.90,NA,Cage Study - Hannah,Deep Pelagic,,,,,,,
canary rockfish,04/26/2013,30.7,30-40,1,2.90,NA,Cage Study - Hannah,Deep Pelagic,,,,,,,
yelloweye rockfish,04/26/2013,30.0,30-40,1,2.89,NA,Cage Study - Hannah,Deep Demersal,,,,,,,
canary rockfish,04/26/2013,31.7,30-40,1,2.89,NA,Cage Study - Hannah,Deep Pelagic,,,,,,,
canary rockfish,09/11/2013,80.5,80-90,1,1.88,NA,Cage Study - Hannah,Deep Pelagic,,,,,,,
canary rockfish,09/11/2013,78.7,70-80,0,1.87,NA,Cage Study - Hannah,Deep Pelagic,,,,,,,
yelloweye rockfish,09/11/2013,78.7,70-80,1,1.87,NA,Cage Study - Hannah,Deep Demersal,,,,,,,
yelloweye rockfish,09/11/2013,93.3,90-100,1,1.86,NA,Cage Study - Hannah,Deep Demersal,,,,,,,
yelloweye rockfish,09/11/2013,88.3,80-90,1,1.85,NA,Cage Study - Hannah,Deep Demersal,,,,,,,
yelloweye rockfish,09/11/2013,89.2,80-90,1,1.84,NA,Cage Study - Hannah,Deep Demersal,,,,,,,
yelloweye rockfish,09/11/2013,83.3,80-90,1,1.82,NA,Cage Study - Hannah,Deep Demersal,,,,,,,
yelloweye rockfish,09/11/2013,83.3,80-90,1,1.89,NA,Cage Study - Hannah,Deep Demersal,,,,,,,
yelloweye rockfish,09/11/2013,83.5,80-90,1,1.89,NA,Cage Study - Hannah,Deep Demersal,,,,,,,
yelloweye rockfish,09/11/2013,88.3,80-90,0,1.88,NA,Cage Study - Hannah,Deep Demersal,,,,,,,
yelloweye rockfish,09/13/2013,81.0,80-90,1,2.96,NA,Cage Study - Hannah,Deep Demersal,,,,,,,
canary rockfish,09/13/2013,80.7,80-90,0,2.96,NA,Cage Study - Hannah,Deep Pelagic,,,,,,,
canary rockfish,09/13/2013,78.0,70-80,0,2.95,NA,Cage Study - Hannah,Deep Pelagic,,,,,,,
canary rockfish,09/13/2013,84.2,80-90,0,2.93,NA,Cage Study - Hannah,Deep Pelagic,,,,,,,
yelloweye rockfish,09/13/2013,87.3,80-90,1,2.90,NA,Cage Study - Hannah,Deep Demersal,,,,,,,
canary rockfish,09/13/2013,82.0,80-90,0,2.90,NA,Cage Study - Hannah,Deep Pelagic,,,,,,,
canary rockfish,09/13/2013,89.2,80-90,1,2.87,NA,Cage Study - Hannah,Deep Pelagic,,,,,,,
canary rockfish,09/13/2013,83.2,80-90,0,2.83,NA,Cage Study - Hannah,Deep Pelagic,,,,,,,
canary rockfish,09/13/2013,82.2,80-90,0,2.82,NA,Cage Study - Hannah,Deep Pelagic,,,,,,,
canary rockfish,09/13/2013,82.5,80-90,0,2.80,NA,Cage Study - Hannah,Deep Pelagic,,,,,,,
yelloweye rockfish,09/16/2013,44.7,40-50,1,1.83,NA,Cage Study - Hannah,Deep Demersal,,,,,,,
canary rockfish,09/16/2013,44.7,40-50,0,1.81,NA,Cage Study - Hannah,Deep Pelagic,,,,,,,
canary rockfish,09/16/2013,45.0,40-50,1,1.80,NA,Cage Study - Hannah,Deep Pelagic,,,,,,,
canary rockfish,09/16/2013,44.7,40-50,1,1.80,NA,Cage Study - Hannah,Deep Pelagic,,,,,,,
canary rockfish,09/16/2013,44.3,40-50,1,1.82,NA,Cage Study - Hannah,Deep Pelagic,,,,,,,
yelloweye rockfish,09/16/2013,45.3,40-50,1,1.80,NA,Cage Study - Hannah,Deep Demersal,,,,,,,
yelloweye rockfish,09/16/2013,44.7,40-50,1,1.77,NA,Cage Study - Hannah,Deep Demersal,,,,,,,
yelloweye rockfish,09/16/2013,46.5,40-50,1,1.75,NA,Cage Study - Hannah,Deep Demersal,,,,,,,
canary rockfish,09/16/2013,45.5,40-50,1,1.74,NA,Cage Study - Hannah,Deep Pelagic,,,,,,,
yelloweye rockfish,09/16/2013,46.0,40-50,1,1.73,NA,Cage Study - Hannah,Deep Demersal,,,,,,,
canary rockfish,10/15/2013,42.5,40-50,1,1.94,NA,Cage Study - Hannah,Deep Pelagic,,,,,,,
canary rockfish,10/15/2013,42.3,40-50,0,1.94,NA,Cage Study - Hannah,Deep Pelagic,,,,,,,
vermilion sunset rockfish,10/15/2013,41.5,40-50,1,1.92,NA,Cage Study - Hannah,Deep Demersal,,,,,,,
canary rockfish,10/15/2013,42.5,40-50,1,1.91,NA,Cage Study - Hannah,Deep Pelagic,,,,,,,
canary rockfish,10/15/2013,41.5,40-50,1,1.86,NA,Cage Study - Hannah,Deep Pelagic,,,,,,,
canary rockfish,10/15/2013,41.7,40-50,1,1.86,NA,Cage Study - Hannah,Deep Pelagic,,,,,,,
canary rockfish,10/15/2013,39.5,30-40,1,2.06,NA,Cage Study - Hannah,Deep Pelagic,,,,,,,
canary rockfish,10/15/2013,39.7,30-40,1,2.04,NA,Cage Study - Hannah,Deep Pelagic,,,,,,,
canary rockfish,10/15/2013,39.8,30-40,1,2.03,NA,Cage Study - Hannah,Deep Pelagic,,,,,,,
canary rockfish,10/15/2013,39.0,30-40,1,2.02,NA,Cage Study - Hannah,Deep Pelagic,,,,,,,
tiger rockfish,10/15/2013,39.5,30-40,1,2.01,NA,Cage Study - Hannah,Deep Demersal,,,,,,,
tiger rockfish,10/15/2013,39.2,30-40,1,2.01,NA,Cage Study - Hannah,Deep Demersal,,,,,,,
canary rockfish,10/15/2013,39.7,30-40,1,2.00,NA,Cage Study - Hannah,Deep Pelagic,,,,,,,
canary rockfish,10/15/2013,37.5,30-40,1,1.98,NA,Cage Study - Hannah,Deep Pelagic,,,,,,,
canary rockfish,10/15/2013,39.3,30-40,1,1.94,NA,Cage Study - Hannah,Deep Pelagic,,,,,,,
canary rockfish,10/17/2013,39.2,30-40,1,1.93,NA,Cage Study - Hannah,Deep Pelagic,,,,,,,
yelloweye rockfish,10/17/2013,31.8,30-40,1,1.81,NA,Cage Study - Hannah,Deep Demersal,,,,,,,
yelloweye rockfish,10/17/2013,32.2,30-40,1,1.80,NA,Cage Study - Hannah,Deep Demersal,,,,,,,
yelloweye rockfish,10/17/2013,32.3,30-40,1,1.80,NA,Cage Study - Hannah,Deep Demersal,,,,,,,
yelloweye rockfish,10/17/2013,31.8,30-40,1,1.79,NA,Cage Study - Hannah,Deep Demersal,,,,,,,
canary rockfish,10/17/2013,32.2,30-40,1,1.79,NA,Cage Study - Hannah,Deep Pelagic,,,,,,,
canary rockfish,10/17/2013,37.5,30-40,1,1.67,NA,Cage Study - Hannah,Deep Pelagic,,,,,,,
vermilion sunset sunset rockfish,6/16/2005,31.3,30-40,0,2.00,NA,Cage Study - Jarvis and Lowe,Deep Demersal,,,,,,,
squarespot rockfish,5/30/2006,44.0,40-50,0,2.00,NA,Cage Study - Jarvis and Lowe,Dwarf,,,,,,,
speckled rockfish,5/30/2006,44.0,40-50,0,2.00,NA,Cage Study - Jarvis and Lowe,Deep Demersal,,,,,,,
chilipepper,5/30/2006,44.0,40-50,0,2.00,NA,Cage Study - Jarvis and Lowe,Deep Pelagic,,,,,,,
vermilion sunset sunset rockfish,6/16/2005,32.4,30-40,0,2.00,NA,Cage Study - Jarvis and Lowe,Deep Demersal,,,,,,,
speckled rockfish,5/30/2006,44.0,40-50,0,2.00,NA,Cage Study - Jarvis and Lowe,Deep Demersal,,,,,,,
squarespot rockfish,5/30/2006,44.0,40-50,0,2.00,NA,Cage Study - Jarvis and Lowe,Dwarf,,,,,,,
speckled rockfish,5/30/2006,44.0,40-50,0,2.00,NA,Cage Study - Jarvis and Lowe,Deep Demersal,,,,,,,
halfbanded rockfish,6/16/2005,32.4,30-40,0,2.00,NA,Cage Study - Jarvis and Lowe,Dwarf,,,,,,,
vermilion sunset sunset rockfish,6/16/2005,31.3,30-40,0,2.00,NA,Cage Study - Jarvis and Lowe,Deep Demersal,,,,,,,
squarespot rockfish,6/16/2005,30.8,30-40,0,2.00,NA,Cage Study - Jarvis and Lowe,Dwarf,,,,,,,
vermilion sunset sunset rockfish,6/16/2005,31.3,30-40,0,2.00,NA,Cage Study - Jarvis and Lowe,Deep Demersal,,,,,,,
vermilion sunset sunset rockfish,6/16/2005,31.3,30-40,0,2.00,NA,Cage Study - Jarvis and Lowe,Deep Demersal,,,,,,,
flag rockfish,5/30/2006,44.0,40-50,0,2.00,NA,Cage Study - Jarvis and Lowe,Deep Demersal,,,,,,,
vermilion sunset sunset rockfish,6/16/2005,32.4,30-40,0,2.00,NA,Cage Study - Jarvis and Lowe,Deep Demersal,,,,,,,
flag rockfish,6/16/2005,31.3,30-40,0,2.00,NA,Cage Study - Jarvis and Lowe,Deep Demersal,,,,,,,
vermilion sunset sunset rockfish,5/30/2006,44.0,40-50,0,2.00,NA,Cage Study - Jarvis and Lowe,Deep Demersal,,,,,,,
squarespot rockfish,5/30/2006,44.0,40-50,0,2.00,NA,Cage Study - Jarvis and Lowe,Dwarf,,,,,,,
chilipepper,5/30/2006,44.0,40-50,0,2.00,NA,Cage Study - Jarvis and Lowe,Deep Pelagic,,,,,,,
squarespot rockfish,7/26/2005,31.3,30-40,0,2.00,NA,Cage Study - Jarvis and Lowe,Dwarf,,,,,,,
bocaccio,7/26/2005,46.2,40-50,0,2.00,NA,Cage Study - Jarvis and Lowe,Deep Pelagic,,,,,,,
squarespot rockfish,7/26/2005,30.8,30-40,0,2.00,NA,Cage Study - Jarvis and Lowe,Dwarf,,,,,,,
squarespot rockfish,7/26/2005,30.8,30-40,0,2.00,NA,Cage Study - Jarvis and Lowe,Dwarf,,,,,,,
squarespot rockfish,7/26/2005,31.3,30-40,0,2.00,NA,Cage Study - Jarvis and Lowe,Dwarf,,,,,,,
squarespot rockfish,7/26/2005,31.3,30-40,0,2.00,NA,Cage Study - Jarvis and Lowe,Dwarf,,,,,,,
vermilion sunset sunset rockfish,7/26/2005,31.3,30-40,0,2.00,NA,Cage Study - Jarvis and Lowe,Deep Demersal,,,,,,,
vermilion sunset sunset rockfish,7/26/2005,30.8,30-40,0,2.00,NA,Cage Study - Jarvis and Lowe,Deep Demersal,,,,,,,
vermilion sunset sunset rockfish,5/23/2006,31.3,30-40,0,2.00,NA,Cage Study - Jarvis and Lowe,Deep Demersal,,,,,,,
squarespot rockfish,5/30/2006,44.0,40-50,0,2.00,NA,Cage Study - Jarvis and Lowe,Dwarf,,,,,,,
speckled rockfish,5/23/2006,45.6,40-50,0,2.00,NA,Cage Study - Jarvis and Lowe,Deep Demersal,,,,,,,
squarespot rockfish,5/30/2006,44.0,40-50,0,2.00,NA,Cage Study - Jarvis and Lowe,Dwarf,,,,,,,
vermilion sunset sunset rockfish,7/26/2005,30.8,30-40,0,2.00,NA,Cage Study - Jarvis and Lowe,Deep Demersal,,,,,,,
honeycomb rockfish,6/16/2005,30.8,30-40,0,2.00,NA,Cage Study - Jarvis and Lowe,Dwarf,,,,,,,
speckled rockfish,6/13/2006,46.2,40-50,0,2.00,NA,Cage Study - Jarvis and Lowe,Deep Demersal,,,,,,,
squarespot rockfish,5/30/2006,44.0,40-50,0,2.00,NA,Cage Study - Jarvis and Lowe,Dwarf,,,,,,,
bocaccio,6/13/2006,45.6,40-50,0,2.00,NA,Cage Study - Jarvis and Lowe,Deep Pelagic,,,,,,,
vermilion sunset sunset rockfish,6/13/2006,45.6,40-50,0,2.00,NA,Cage Study - Jarvis and Lowe,Deep Demersal,,,,,,,
bocaccio,6/13/2006,46.2,40-50,0,2.00,NA,Cage Study - Jarvis and Lowe,Deep Pelagic,,,,,,,
starry rockfish,6/2/2005,45.1,40-50,0,2.00,NA,Cage Study - Jarvis and Lowe,Deep Demersal,,,,,,,
vermilion sunset sunset rockfish,6/13/2006,45.6,40-50,0,2.00,NA,Cage Study - Jarvis and Lowe,Deep Demersal,,,,,,,
honeycomb rockfish,6/2/2005,32.4,30-40,0,2.00,NA,Cage Study - Jarvis and Lowe,Dwarf,,,,,,,
honeycomb rockfish,6/2/2005,46.2,40-50,0,2.00,NA,Cage Study - Jarvis and Lowe,Dwarf,,,,,,,
chilipepper,6/2/2005,46.2,40-50,0,2.00,NA,Cage Study - Jarvis and Lowe,Deep Pelagic,,,,,,,
bocaccio,8/8/2006,48.9,40-50,0,2.00,NA,Cage Study - Jarvis and Lowe,Deep Pelagic,,,,,,,
flag rockfish,8/8/2006,48.9,40-50,0,2.00,NA,Cage Study - Jarvis and Lowe,Deep Demersal,,,,,,,
flag rockfish,6/13/2006,45.6,40-50,0,2.00,NA,Cage Study - Jarvis and Lowe,Deep Demersal,,,,,,,
bocaccio,8/8/2006,48.9,40-50,0,2.00,NA,Cage Study - Jarvis and Lowe,Deep Pelagic,,,,,,,
halfbanded rockfish,8/8/2006,45.6,40-50,0,2.00,NA,Cage Study - Jarvis and Lowe,Dwarf,,,,,,,
halfbanded rockfish,8/8/2006,45.6,40-50,0,2.00,NA,Cage Study - Jarvis and Lowe,Dwarf,,,,,,,
bocaccio,8/8/2006,45.6,40-50,0,2.00,NA,Cage Study - Jarvis and Lowe,Deep Pelagic,,,,,,,
honeycomb rockfish,6/2/2005,45.1,40-50,0,2.00,NA,Cage Study - Jarvis and Lowe,Dwarf,,,,,,,
vermilion sunset sunset rockfish,6/13/2006,45.6,40-50,0,2.00,NA,Cage Study - Jarvis and Lowe,Deep Demersal,,,,,,,
starry rockfish,6/13/2006,45.6,40-50,0,2.00,NA,Cage Study - Jarvis and Lowe,Deep Demersal,,,,,,,
bocaccio,8/8/2006,48.9,40-50,0,2.00,NA,Cage Study - Jarvis and Lowe,Deep Pelagic,,,,,,,
bocaccio,6/13/2006,45.1,40-50,0,2.00,NA,Cage Study - Jarvis and Lowe,Deep Pelagic,,,,,,,
greenspotted rockfish,6/13/2006,45.6,40-50,0,2.00,NA,Cage Study - Jarvis and Lowe,Deep Demersal,,,,,,,
vermilion sunset sunset rockfish,6/16/2005,31.3,30-40,0,2.00,NA,Cage Study - Jarvis and Lowe,Deep Demersal,,,,,,,
squarespot rockfish,5/30/2006,44.0,40-50,0,2.00,NA,Cage Study - Jarvis and Lowe,Dwarf,,,,,,,
flag rockfish,6/13/2006,45.1,40-50,0,2.00,NA,Cage Study - Jarvis and Lowe,Deep Demersal,,,,,,,
chilipepper,5/30/2006,44.0,40-50,0,2.00,NA,Cage Study - Jarvis and Lowe,Deep Pelagic,,,,,,,
vermilion sunset sunset rockfish,6/16/2005,30.2,30-40,0,2.00,NA,Cage Study - Jarvis and Lowe,Deep Demersal,,,,,,,
vermilion sunset sunset rockfish,6/16/2005,30.2,30-40,0,2.00,NA,Cage Study - Jarvis and Lowe,Deep Demersal,,,,,,,
honeycomb rockfish,6/13/2006,45.6,40-50,0,2.00,NA,Cage Study - Jarvis and Lowe,Dwarf,,,,,,,
squarespot rockfish,5/30/2006,44.0,40-50,0,2.00,NA,Cage Study - Jarvis and Lowe,Dwarf,,,,,,,
canary rockfish,8/8/2006,48.9,40-50,0,2.00,NA,Cage Study - Jarvis and Lowe,Deep Pelagic,,,,,,,
bocaccio,8/8/2006,47.3,40-50,0,2.00,NA,Cage Study - Jarvis and Lowe,Deep Pelagic,,,,,,,
bocaccio,8/8/2006,45.6,40-50,0,2.00,NA,Cage Study - Jarvis and Lowe,Deep Pelagic,,,,,,,
vermilion sunset sunset rockfish,8/8/2006,45.6,40-50,0,2.00,NA,Cage Study - Jarvis and Lowe,Deep Demersal,,,,,,,
bocaccio,8/8/2006,45.6,40-50,0,2.00,NA,Cage Study - Jarvis and Lowe,Deep Pelagic,,,,,,,
vermilion sunset sunset rockfish,6/2/2005,31.9,30-40,0,2.00,NA,Cage Study - Jarvis and Lowe,Deep Demersal,,,,,,,
honeycomb rockfish,5/23/2006,45.6,40-50,0,2.00,NA,Cage Study - Jarvis and Lowe,Dwarf,,,,,,,
squarespot rockfish,5/30/2006,44.0,40-50,0,2.00,NA,Cage Study - Jarvis and Lowe,Dwarf,,,,,,,
vermilion sunset sunset rockfish,7/26/2005,31.3,30-40,0,2.00,NA,Cage Study - Jarvis and Lowe,Deep Demersal,,,,,,,
vermilion sunset sunset rockfish,7/26/2005,30.8,30-40,0,2.00,NA,Cage Study - Jarvis and Lowe,Deep Demersal,,,,,,,
vermilion sunset sunset rockfish,7/26/2005,30.8,30-40,0,2.00,NA,Cage Study - Jarvis and Lowe,Deep Demersal,,,,,,,
squarespot rockfish,7/26/2005,30.8,30-40,0,2.00,NA,Cage Study - Jarvis and Lowe,Dwarf,,,,,,,
yellowtail rockfish,6/13/2006,46.2,40-50,0,2.00,NA,Cage Study - Jarvis and Lowe,Deep Pelagic,,,,,,,
flag rockfish,6/13/2006,45.1,40-50,0,2.00,NA,Cage Study - Jarvis and Lowe,Deep Demersal,,,,,,,
vermilion sunset sunset rockfish,6/13/2006,46.2,40-50,0,2.00,NA,Cage Study - Jarvis and Lowe,Deep Demersal,,,,,,,
chilipepper,5/30/2006,44.0,40-50,0,2.00,NA,Cage Study - Jarvis and Lowe,Deep Pelagic,,,,,,,
squarespot rockfish,5/30/2006,44.0,40-50,0,2.00,NA,Cage Study - Jarvis and Lowe,Dwarf,,,,,,,
squarespot rockfish,5/30/2006,44.0,40-50,0,2.00,NA,Cage Study - Jarvis and Lowe,Dwarf,,,,,,,
halfbanded rockfish,7/26/2005,46.2,40-50,1,2.00,NA,Cage Study - Jarvis and Lowe,Dwarf,,,,,,,
starry rockfish,6/13/2006,46.2,40-50,1,2.00,NA,Cage Study - Jarvis and Lowe,Deep Demersal,,,,,,,
vermilion sunset sunset rockfish,6/2/2005,32.4,30-40,1,2.00,NA,Cage Study - Jarvis and Lowe,Deep Demersal,,,,,,,
vermilion sunset sunset rockfish,7/26/2005,30.8,30-40,1,2.00,NA,Cage Study - Jarvis and Lowe,Deep Demersal,,,,,,,
vermilion sunset sunset rockfish,7/26/2005,31.3,30-40,1,2.00,NA,Cage Study - Jarvis and Lowe,Deep Demersal,,,,,,,
honeycomb rockfish,6/2/2005,46.2,40-50,1,2.00,NA,Cage Study - Jarvis and Lowe,Dwarf,,,,,,,
honeycomb rockfish,6/2/2005,46.2,40-50,1,2.00,NA,Cage Study - Jarvis and Lowe,Dwarf,,,,,,,
flag rockfish,6/2/2005,31.9,30-40,1,2.00,NA,Cage Study - Jarvis and Lowe,Deep Demersal,,,,,,,
vermilion sunset sunset rockfish,6/2/2005,31.9,30-40,1,2.00,NA,Cage Study - Jarvis and Lowe,Deep Demersal,,,,,,,
starry rockfish,6/2/2005,31.9,30-40,1,2.00,NA,Cage Study - Jarvis and Lowe,Deep Demersal,,,,,,,
honeycomb rockfish,6/2/2005,31.9,30-40,1,2.00,NA,Cage Study - Jarvis and Lowe,Dwarf,,,,,,,
bocaccio,7/26/2005,46.2,40-50,1,2.00,NA,Cage Study - Jarvis and Lowe,Deep Pelagic,,,,,,,
vermilion sunset sunset rockfish,6/2/2005,32.4,30-40,1,2.00,NA,Cage Study - Jarvis and Lowe,Deep Demersal,,,,,,,
vermilion sunset sunset rockfish,6/2/2005,32.4,30-40,1,2.00,NA,Cage Study - Jarvis and Lowe,Deep Demersal,,,,,,,
honeycomb rockfish,6/2/2005,32.4,30-40,1,2.00,NA,Cage Study - Jarvis and Lowe,Dwarf,,,,,,,
vermilion sunset sunset rockfish,6/2/2005,32.4,30-40,1,2.00,NA,Cage Study - Jarvis and Lowe,Deep Demersal,,,,,,,
vermilion sunset rockfish,6/2/2005,32.4,30-40,1,2.00,NA,Cage Study - Jarvis and Lowe,Deep Demersal,,,,,,,
vermilion sunset rockfish,6/2/2005,32.4,30-40,1,2.00,NA,Cage Study - Jarvis and Lowe,Deep Demersal,,,,,,,
vermilion sunset rockfish,6/2/2005,31.9,30-40,1,2.00,NA,Cage Study - Jarvis and Lowe,Deep Demersal,,,,,,,
vermilion sunset rockfish,6/16/2005,32.4,30-40,1,2.00,NA,Cage Study - Jarvis and Lowe,Deep Demersal,,,,,,,
flag rockfish,6/16/2005,31.3,30-40,1,2.00,NA,Cage Study - Jarvis and Lowe,Deep Demersal,,,,,,,
vermilion sunset rockfish,6/16/2005,31.3,30-40,1,2.00,NA,Cage Study - Jarvis and Lowe,Deep Demersal,,,,,,,
flag rockfish,6/16/2005,31.3,30-40,1,2.00,NA,Cage Study - Jarvis and Lowe,Deep Demersal,,,,,,,
vermilion sunset rockfish,6/16/2005,31.3,30-40,1,2.00,NA,Cage Study - Jarvis and Lowe,Deep Demersal,,,,,,,
vermilion sunset rockfish,6/16/2005,30.2,30-40,1,2.00,NA,Cage Study - Jarvis and Lowe,Deep Demersal,,,,,,,
squarespot rockfish,6/16/2005,31.3,30-40,1,2.00,NA,Cage Study - Jarvis and Lowe,Dwarf,,,,,,,
flag rockfish,6/16/2005,30.2,30-40,1,2.00,NA,Cage Study - Jarvis and Lowe,Deep Demersal,,,,,,,
chilipepper,6/16/2005,31.3,30-40,1,2.00,NA,Cage Study - Jarvis and Lowe,Deep Pelagic,,,,,,,
vermilion sunset rockfish,6/16/2005,31.3,30-40,1,2.00,NA,Cage Study - Jarvis and Lowe,Deep Demersal,,,,,,,
vermilion sunset rockfish,6/16/2005,31.3,30-40,1,2.00,NA,Cage Study - Jarvis and Lowe,Deep Demersal,,,,,,,
copper rockfish,6/16/2005,30.8,30-40,1,2.00,NA,Cage Study - Jarvis and Lowe,Shallow Demersal,,,,,,,
vermilion sunset rockfish,6/16/2005,31.3,30-40,1,2.00,NA,Cage Study - Jarvis and Lowe,Deep Demersal,,,,,,,
flag rockfish,6/16/2005,31.3,30-40,1,2.00,NA,Cage Study - Jarvis and Lowe,Deep Demersal,,,,,,,
flag rockfish,6/16/2005,31.3,30-40,1,2.00,NA,Cage Study - Jarvis and Lowe,Deep Demersal,,,,,,,
flag rockfish,6/16/2005,30.8,30-40,1,2.00,NA,Cage Study - Jarvis and Lowe,Deep Demersal,,,,,,,
honeycomb rockfish,6/2/2005,45.1,40-50,1,2.00,NA,Cage Study - Jarvis and Lowe,Dwarf,,,,,,,
vermilion sunset rockfish,6/16/2005,32.4,30-40,1,2.00,NA,Cage Study - Jarvis and Lowe,Deep Demersal,,,,,,,
honeycomb rockfish,6/2/2005,45.1,40-50,1,2.00,NA,Cage Study - Jarvis and Lowe,Dwarf,,,,,,,
freckled rockfish,6/2/2005,45.1,40-50,1,2.00,NA,Cage Study - Jarvis and Lowe,Dwarf,,,,,,,
vermilion sunset rockfish,6/16/2005,31.3,30-40,1,2.00,NA,Cage Study - Jarvis and Lowe,Deep Demersal,,,,,,,
flag rockfish,6/16/2005,30.8,30-40,1,2.00,NA,Cage Study - Jarvis and Lowe,Deep Demersal,,,,,,,
flag rockfish,6/16/2005,30.8,30-40,1,2.00,NA,Cage Study - Jarvis and Lowe,Deep Demersal,,,,,,,
olive rockfish,6/16/2005,30.8,30-40,1,2.00,NA,Cage Study - Jarvis and Lowe,Shallow Pelagic,,,,,,,
vermilion sunset rockfish,6/16/2005,32.4,30-40,1,2.00,NA,Cage Study - Jarvis and Lowe,Deep Demersal,,,,,,,
vermilion sunset rockfish,6/16/2005,31.3,30-40,1,2.00,NA,Cage Study - Jarvis and Lowe,Deep Demersal,,,,,,,
bocaccio,8/8/2006,47.3,40-50,1,2.00,NA,Cage Study - Jarvis and Lowe,Deep Pelagic,,,,,,,
vermilion sunset rockfish,8/8/2006,47.3,40-50,1,2.00,NA,Cage Study - Jarvis and Lowe,Deep Demersal,,,,,,,
bocaccio,5/30/2006,44.0,40-50,1,2.00,NA,Cage Study - Jarvis and Lowe,Deep Pelagic,,,,,,,
bocaccio,5/30/2006,44.0,40-50,1,2.00,NA,Cage Study - Jarvis and Lowe,Deep Pelagic,,,,,,,
squarespot rockfish,5/30/2006,44.0,40-50,1,2.00,NA,Cage Study - Jarvis and Lowe,Dwarf,,,,,,,
flag rockfish,6/13/2006,45.6,40-50,1,2.00,NA,Cage Study - Jarvis and Lowe,Deep Demersal,,,,,,,
flag rockfish,6/13/2006,45.6,40-50,1,2.00,NA,Cage Study - Jarvis and Lowe,Deep Demersal,,,,,,,
bocaccio,5/30/2006,44.0,40-50,1,2.00,NA,Cage Study - Jarvis and Lowe,Deep Pelagic,,,,,,,
vermilion sunset rockfish,8/8/2006,47.3,40-50,1,2.00,NA,Cage Study - Jarvis and Lowe,Deep Demersal,,,,,,,
bocaccio,6/13/2006,45.6,40-50,1,2.00,NA,Cage Study - Jarvis and Lowe,Deep Pelagic,,,,,,,
bocaccio,6/13/2006,45.1,40-50,1,2.00,NA,Cage Study - Jarvis and Lowe,Deep Pelagic,,,,,,,
honeycomb rockfish,5/30/2006,44.0,40-50,1,2.00,NA,Cage Study - Jarvis and Lowe,Dwarf,,,,,,,
bocaccio,5/30/2006,44.0,40-50,1,2.00,NA,Cage Study - Jarvis and Lowe,Deep Pelagic,,,,,,,
greenspotted rockfish,5/23/2006,45.6,40-50,1,2.00,NA,Cage Study - Jarvis and Lowe,Deep Demersal,,,,,,,
bocaccio,8/8/2006,47.3,40-50,1,2.00,NA,Cage Study - Jarvis and Lowe,Deep Pelagic,,,,,,,
starry rockfish,5/23/2006,45.6,40-50,1,2.00,NA,Cage Study - Jarvis and Lowe,Deep Demersal,,,,,,,
squarespot rockfish,5/23/2006,44.5,40-50,1,2.00,NA,Cage Study - Jarvis and Lowe,Dwarf,,,,,,,
squarespot rockfish,5/23/2006,44.5,40-50,1,2.00,NA,Cage Study - Jarvis and Lowe,Dwarf,,,,,,,
bocaccio,8/8/2006,45.9,40-50,1,2.00,NA,Cage Study - Jarvis and Lowe,Deep Pelagic,,,,,,,
bocaccio,5/30/2006,44.0,40-50,1,2.00,NA,Cage Study - Jarvis and Lowe,Deep Pelagic,,,,,,,
rosy rockfish,6/13/2006,45.1,40-50,1,2.00,NA,Cage Study - Jarvis and Lowe,Deep Demersal,,,,,,,
vermilion sunset rockfish,6/13/2006,46.2,40-50,1,2.00,NA,Cage Study - Jarvis and Lowe,Deep Demersal,,,,,,,
bocaccio,6/13/2006,45.6,40-50,1,2.00,NA,Cage Study - Jarvis and Lowe,Deep Pelagic,,,,,,,
copper rockfish,8/8/2006,45.9,40-50,1,2.00,NA,Cage Study - Jarvis and Lowe,Shallow Demersal,,,,,,,
bocaccio,5/30/2006,44.0,40-50,1,2.00,NA,Cage Study - Jarvis and Lowe,Deep Pelagic,,,,,,,
bocaccio,8/8/2006,45.9,40-50,1,2.00,NA,Cage Study - Jarvis and Lowe,Deep Pelagic,,,,,,,
bocaccio,8/8/2006,45.9,40-50,1,2.00,NA,Cage Study - Jarvis and Lowe,Deep Pelagic,,,,,,,
bocaccio,8/8/2006,45.9,40-50,1,2.00,NA,Cage Study - Jarvis and Lowe,Deep Pelagic,,,,,,,
bocaccio,7/26/2005,46.2,40-50,1,2.00,NA,Cage Study - Jarvis and Lowe,Deep Pelagic,,,,,,,
bocaccio,6/13/2006,45.1,40-50,1,2.00,NA,Cage Study - Jarvis and Lowe,Deep Pelagic,,,,,,,
speckled rockfish,8/8/2006,45.6,40-50,1,2.00,NA,Cage Study - Jarvis and Lowe,Deep Demersal,,,,,,,
bocaccio,8/8/2006,47.3,40-50,1,2.00,NA,Cage Study - Jarvis and Lowe,Deep Pelagic,,,,,,,
bocaccio,5/30/2006,44.0,40-50,1,2.00,NA,Cage Study - Jarvis and Lowe,Deep Pelagic,,,,,,,
bocaccio,8/8/2006,45.6,40-50,1,2.00,NA,Cage Study - Jarvis and Lowe,Deep Pelagic,,,,,,,
bocaccio,5/30/2006,44.0,40-50,1,2.00,NA,Cage Study - Jarvis and Lowe,Deep Pelagic,,,,,,,
flag rockfish,6/13/2006,45.1,40-50,1,2.00,NA,Cage Study - Jarvis and Lowe,Deep Demersal,,,,,,,
bocaccio,6/13/2006,45.1,40-50,1,2.00,NA,Cage Study - Jarvis and Lowe,Deep Pelagic,,,,,,,
starry rockfish,5/30/2006,44.0,40-50,1,2.00,NA,Cage Study - Jarvis and Lowe,Deep Demersal,,,,,,,
bocaccio,5/30/2006,44.0,40-50,1,2.00,NA,Cage Study - Jarvis and Lowe,Deep Pelagic,,,,,,,
bocaccio,5/30/2006,44.0,40-50,1,2.00,NA,Cage Study - Jarvis and Lowe,Deep Pelagic,,,,,,,
bocaccio,8/8/2006,45.9,40-50,1,2.00,NA,Cage Study - Jarvis and Lowe,Deep Pelagic,,,,,,,
bocaccio,7/26/2005,46.2,40-50,1,2.00,NA,Cage Study - Jarvis and Lowe,Deep Pelagic,,,,,,,
vermilion sunset rockfish,7/26/2005,46.2,40-50,1,2.00,NA,Cage Study - Jarvis and Lowe,Deep Demersal,,,,,,,
bocaccio,8/8/2006,48.9,40-50,1,2.00,NA,Cage Study - Jarvis and Lowe,Deep Pelagic,,,,,,,
vermilion sunset rockfish,7/26/2005,46.2,40-50,1,2.00,NA,Cage Study - Jarvis and Lowe,Deep Demersal,,,,,,,
bocaccio,7/26/2005,46.2,40-50,1,2.00,NA,Cage Study - Jarvis and Lowe,Deep Pelagic,,,,,,,
halfbanded rockfish,5/23/2006,31.3,30-40,1,2.00,NA,Cage Study - Jarvis and Lowe,Dwarf,,,,,,,
flag rockfish,7/26/2005,46.2,40-50,1,2.00,NA,Cage Study - Jarvis and Lowe,Deep Demersal,,,,,,,
vermilion sunset rockfish,6/2/2005,32.4,30-40,1,2.00,NA,Cage Study - Jarvis and Lowe,Deep Demersal,,,,,,,
bocaccio,7/26/2005,46.2,40-50,1,2.00,NA,Cage Study - Jarvis and Lowe,Deep Pelagic,,,,,,,
vermilion sunset rockfish,5/23/2006,44.5,40-50,1,2.00,NA,Cage Study - Jarvis and Lowe,Deep Demersal,,,,,,,
bocaccio,8/8/2006,48.9,40-50,1,2.00,NA,Cage Study - Jarvis and Lowe,Deep Pelagic,,,,,,,
vermilion sunset rockfish,5/23/2006,31.3,30-40,1,2.00,NA,Cage Study - Jarvis and Lowe,Deep Demersal,,,,,,,
starry rockfish,8/8/2006,48.9,40-50,1,2.00,NA,Cage Study - Jarvis and Lowe,Deep Demersal,,,,,,,
speckled rockfish,6/13/2006,45.6,40-50,1,2.00,NA,Cage Study - Jarvis and Lowe,Deep Demersal,,,,,,,
vermilion sunset rockfish,7/26/2005,46.2,40-50,1,2.00,NA,Cage Study - Jarvis and Lowe,Deep Demersal,,,,,,,
bocaccio,8/8/2006,48.9,40-50,1,2.00,NA,Cage Study - Jarvis and Lowe,Deep Pelagic,,,,,,,
bocaccio,7/26/2005,46.2,40-50,1,2.00,NA,Cage Study - Jarvis and Lowe,Deep Pelagic,,,,,,,
bocaccio,7/26/2005,46.2,40-50,1,2.00,NA,Cage Study - Jarvis and Lowe,Deep Pelagic,,,,,,,
bocaccio,6/13/2006,45.6,40-50,1,2.00,NA,Cage Study - Jarvis and Lowe,Deep Pelagic,,,,,,,
bocaccio,8/8/2006,48.9,40-50,1,2.00,NA,Cage Study - Jarvis and Lowe,Deep Pelagic,,,,,,,
bocaccio,7/26/2005,46.2,40-50,1,2.00,NA,Cage Study - Jarvis and Lowe,Deep Pelagic,,,,,,,
vermilion sunset rockfish,5/23/2006,31.3,30-40,1,2.00,NA,Cage Study - Jarvis and Lowe,Deep Demersal,,,,,,,
bocaccio,5/23/2006,45.6,40-50,1,2.00,NA,Cage Study - Jarvis and Lowe,Deep Pelagic,,,,,,,
bocaccio,5/23/2006,45.6,40-50,1,2.00,NA,Cage Study - Jarvis and Lowe,Deep Pelagic,,,,,,,
speckled rockfish,6/13/2006,45.6,40-50,1,2.00,NA,Cage Study - Jarvis and Lowe,Deep Demersal,,,,,,,
squarespot rockfish,5/23/2006,45.6,40-50,1,2.00,NA,Cage Study - Jarvis and Lowe,Dwarf,,,,,,,
bocaccio,5/23/2006,45.6,40-50,1,2.00,NA,Cage Study - Jarvis and Lowe,Deep Pelagic,,,,,,,
flag rockfish,7/26/2005,46.2,40-50,1,2.00,NA,Cage Study - Jarvis and Lowe,Deep Demersal,,,,,,,
vermilion sunset rockfish,5/23/2006,31.3,30-40,1,2.00,NA,Cage Study - Jarvis and Lowe,Deep Demersal,,,,,,,
vermilion sunset rockfish,5/23/2006,31.3,30-40,1,2.00,NA,Cage Study - Jarvis and Lowe,Deep Demersal,,,,,,,
bocaccio,5/23/2006,31.3,30-40,1,2.00,NA,Cage Study - Jarvis and Lowe,Deep Pelagic,,,,,,,
vermilion sunset rockfish,5/23/2006,31.3,30-40,1,2.00,NA,Cage Study - Jarvis and Lowe,Deep Demersal,,,,,,,
vermilion sunset rockfish,8/8/2006,47.3,40-50,1,2.00,NA,Cage Study - Jarvis and Lowe,Deep Demersal,,,,,,,
vermilion sunset rockfish,5/23/2006,31.3,30-40,1,2.00,NA,Cage Study - Jarvis and Lowe,Deep Demersal,,,,,,,
speckled rockfish,6/13/2006,45.6,40-50,1,2.00,NA,Cage Study - Jarvis and Lowe,Deep Demersal,,,,,,,
vermilion sunset rockfish,5/23/2006,31.3,30-40,1,2.00,NA,Cage Study - Jarvis and Lowe,Deep Demersal,,,,,,,
vermilion sunset rockfish,5/23/2006,31.3,30-40,1,2.00,NA,Cage Study - Jarvis and Lowe,Deep Demersal,,,,,,,
vermilion sunset rockfish,5/30/2006,44.0,40-50,1,2.00,NA,Cage Study - Jarvis and Lowe,Deep Demersal,,,,,,,
vermilion sunset rockfish,5/23/2006,31.3,30-40,1,2.00,NA,Cage Study - Jarvis and Lowe,Deep Demersal,,,,,,,
flag rockfish,6/13/2006,30.8,30-40,1,2.00,NA,Cage Study - Jarvis and Lowe,Deep Demersal,,,,,,,
speckled rockfish,6/13/2006,45.1,40-50,1,2.00,NA,Cage Study - Jarvis and Lowe,Deep Demersal,,,,,,,
flag rockfish,6/16/2005,31.3,30-40,1,2.00,NA,Cage Study - Jarvis and Lowe,Deep Demersal,,,,,,,
flag rockfish,7/26/2005,31.3,30-40,1,2.00,NA,Cage Study - Jarvis and Lowe,Deep Demersal,,,,,,,
honeycomb rockfish,5/23/2006,45.6,40-50,1,2.00,NA,Cage Study - Jarvis and Lowe,Dwarf,,,,,,,
bocaccio,8/8/2006,47.3,40-50,1,2.00,NA,Cage Study - Jarvis and Lowe,Deep Pelagic,,,,,,,
vermilion sunset rockfish,8/8/2006,47.3,40-50,1,2.00,NA,Cage Study - Jarvis and Lowe,Deep Demersal,,,,,,,
olive rockfish,6/13/2006,45.6,40-50,1,2.00,NA,Cage Study - Jarvis and Lowe,Shallow Pelagic,,,,,,,
squarespot rockfish,6/16/2005,31.3,30-40,1,2.00,NA,Cage Study - Jarvis and Lowe,Dwarf,,,,,,,
flag rockfish,5/30/2006,44.0,40-50,1,2.00,NA,Cage Study - Jarvis and Lowe,Deep Demersal,,,,,,,
flag rockfish,5/30/2006,44.0,40-50,1,2.00,NA,Cage Study - Jarvis and Lowe,Deep Demersal,,,,,,,
bocaccio,5/30/2006,44.0,40-50,1,2.00,NA,Cage Study - Jarvis and Lowe,Deep Pelagic,,,,,,,
vermilion sunset rockfish,6/2/2005,31.9,30-40,1,2.00,NA,Cage Study - Jarvis and Lowe,Deep Demersal,,,,,,,
bocaccio,8/8/2006,48.9,40-50,1,2.00,NA,Cage Study - Jarvis and Lowe,Deep Pelagic,,,,,,,
bocaccio,8/8/2006,48.9,40-50,1,2.00,NA,Cage Study - Jarvis and Lowe,Deep Pelagic,,,,,,,
speckled rockfish,6/13/2006,45.6,40-50,1,2.00,NA,Cage Study - Jarvis and Lowe,Deep Demersal,,,,,,,
flag rockfish,6/2/2005,31.9,30-40,1,2.00,NA,Cage Study - Jarvis and Lowe,Deep Demersal,,,,,,,
starry rockfish,6/2/2005,31.9,30-40,1,2.00,NA,Cage Study - Jarvis and Lowe,Deep Demersal,,,,,,,
bocaccio,8/8/2006,45.6,40-50,1,2.00,NA,Cage Study - Jarvis and Lowe,Deep Pelagic,,,,,,,
bocaccio,8/8/2006,45.9,40-50,1,2.00,NA,Cage Study - Jarvis and Lowe,Deep Pelagic,,,,,,,
vermilion sunset rockfish,8/8/2006,47.3,40-50,1,2.00,NA,Cage Study - Jarvis and Lowe,Deep Demersal,,,,,,,
honeycomb rockfish,6/2/2005,45.1,40-50,1,2.00,NA,Cage Study - Jarvis and Lowe,Dwarf,,,,,,,
squarespot rockfish,5/23/2006,31.3,30-40,1,2.00,NA,Cage Study - Jarvis and Lowe,Dwarf,,,,,,,
bocaccio,5/30/2006,44.0,40-50,1,2.00,NA,Cage Study - Jarvis and Lowe,Deep Pelagic,,,,,,,
flag rockfish,5/30/2006,44.0,40-50,1,2.00,NA,Cage Study - Jarvis and Lowe,Deep Demersal,,,,,,,
greenspotted rockfish,5/30/2006,44.0,40-50,1,2.00,NA,Cage Study - Jarvis and Lowe,Deep Demersal,,,,,,,
flag rockfish,5/30/2006,44.0,40-50,1,2.00,NA,Cage Study - Jarvis and Lowe,Deep Demersal,,,,,,,
honeycomb rockfish,5/23/2006,45.6,40-50,1,2.00,NA,Cage Study - Jarvis and Lowe,Dwarf,,,,,,,
vermilion sunset rockfish,5/23/2006,45.6,40-50,1,2.00,NA,Cage Study - Jarvis and Lowe,Deep Demersal,,,,,,,
squarespot rockfish,5/30/2006,44.0,40-50,1,2.00,NA,Cage Study - Jarvis and Lowe,Dwarf,,,,,,,
chilipepper,5/23/2006,45.6,40-50,1,2.00,NA,Cage Study - Jarvis and Lowe,Deep Pelagic,,,,,,,
vermilion sunset rockfish,5/23/2006,31.3,30-40,1,2.00,NA,Cage Study - Jarvis and Lowe,Deep Demersal,,,,,,,
vermilion sunset rockfish,5/23/2006,31.3,30-40,1,2.00,NA,Cage Study - Jarvis and Lowe,Deep Demersal,,,,,,,
greenstriped rockfish,7/26/2005,46.2,40-50,1,2.00,NA,Cage Study - Jarvis and Lowe,Deep Demersal,,,,,,,
vermilion sunset rockfish,7/26/2005,31.3,30-40,1,2.00,NA,Cage Study - Jarvis and Lowe,Deep Demersal,,,,,,,
vermilion sunset rockfish,6/16/2005,31.3,30-40,1,2.00,NA,Cage Study - Jarvis and Lowe,Deep Demersal,,,,,,,
bocaccio,6/13/2006,45.6,40-50,1,2.00,NA,Cage Study - Jarvis and Lowe,Deep Pelagic,,,,,,,
bocaccio,6/13/2006,45.6,40-50,1,2.00,NA,Cage Study - Jarvis and Lowe,Deep Pelagic,,,,,,,
bocaccio,6/13/2006,45.1,40-50,1,2.00,NA,Cage Study - Jarvis and Lowe,Deep Pelagic,,,,,,,
squarespot rockfish,6/16/2005,30.2,30-40,1,2.00,NA,Cage Study - Jarvis and Lowe,Dwarf,,,,,,,
bocaccio,6/13/2006,46.2,40-50,1,2.00,NA,Cage Study - Jarvis and Lowe,Deep Pelagic,,,,,,,
starry rockfish,5/30/2006,44.0,40-50,1,2.00,NA,Cage Study - Jarvis and Lowe,Deep Demersal,,,,,,,
vermilion sunset rockfish,6/16/2005,31.3,30-40,1,2.00,NA,Cage Study - Jarvis and Lowe,Deep Demersal,,,,,,,
bocaccio,6/13/2006,45.6,40-50,1,2.00,NA,Cage Study - Jarvis and Lowe,Deep Pelagic,,,,,,,
starry rockfish,5/30/2006,44.0,40-50,1,2.00,NA,Cage Study - Jarvis and Lowe,Deep Demersal,,,,,,,
honeycomb rockfish,5/30/2006,44.0,40-50,1,2.00,NA,Cage Study - Jarvis and Lowe,Dwarf,,,,,,,
vermilion sunset rockfish,7/26/2005,31.3,30-40,1,2.00,NA,Cage Study - Jarvis and Lowe,Deep Demersal,,,,,,,
squarespot rockfish,6/16/2005,32.4,30-40,1,2.00,NA,Cage Study - Jarvis and Lowe,Dwarf,,,,,,,
flag rockfish,5/30/2006,44.0,40-50,1,2.00,NA,Cage Study - Jarvis and Lowe,Deep Demersal,,,,,,,
starry rockfish,6/13/2006,45.6,40-50,1,2.00,NA,Cage Study - Jarvis and Lowe,Deep Demersal,,,,,,,
Cowcod,3/20/2015,68.1,60-70,1,55,1,Accoustic Tagging - Wegner and Hyde,Deep Demersal,,,,,,,
Bocaccio,5/13/2014,64.0,60-70,1,508,1,Accoustic Tagging - Wegner and Hyde,Deep Pelagic,,,,,,,
Bocaccio,8/12/2014,44.7,40-50,1,324,1,Accoustic Tagging - Wegner and Hyde,Deep Pelagic,,,,,,,
Bocaccio,1/30/2012,72.0,70-80,1,51,1,Accoustic Tagging - Wegner and Hyde,Deep Pelagic,,,,,,,
vermilion sunset rockfish,1/30/2012,72.0,70-80,1,524,1,Accoustic Tagging - Wegner and Hyde,Deep Demersal,,,,,,,
Bocaccio,8/12/2014,41.7,40-50,1,331,1,Accoustic Tagging - Wegner and Hyde,Deep Pelagic,,,,,,,
Bocaccio,8/12/2014,43.3,40-50,1,326,1,Accoustic Tagging - Wegner and Hyde,Deep Pelagic,,,,,,,
Cowcod,5/13/2014,55.0,50-60,1,258,1,Accoustic Tagging - Wegner and Hyde,Deep Demersal,,,,,,,
Cowcod,5/13/2014,55.0,50-60,1,258,1,Accoustic Tagging - Wegner and Hyde,Deep Demersal,,,,,,,
Cowcod,5/13/2014,67.0,60-70,1,258,1,Accoustic Tagging - Wegner and Hyde,Deep Demersal,,,,,,,
Bocaccio,5/13/2014,59.0,50-60,1,258,1,Accoustic Tagging - Wegner and Hyde,Deep Pelagic,,,,,,,
Bocaccio,8/12/2014,43.3,40-50,1,258,1,Accoustic Tagging - Wegner and Hyde,Deep Pelagic,,,,,,,
Cowcod,5/13/2014,80.0,70-80,1,257,1,Accoustic Tagging - Wegner and Hyde,Deep Demersal,,,,,,,
Bocaccio,11/24/2014,51.7,50-60,1,227,1,Accoustic Tagging - Wegner and Hyde,Deep Pelagic,,,,,,,
Cowcod,5/13/2014,58.0,50-60,1,173,1,Accoustic Tagging - Wegner and Hyde,Deep Demersal,,,,,,,
Bocaccio,12/21/2011,80.0,70-80,1,129,1,Accoustic Tagging - Wegner and Hyde,Deep Pelagic,,,,,,,
Bocaccio,12/21/2011,79.0,70-80,1,129,1,Accoustic Tagging - Wegner and Hyde,Deep Pelagic,,,,,,,
vermilion sunset rockfish,12/21/2011,78.0,70-80,1,129,1,Accoustic Tagging - Wegner and Hyde,Deep Demersal,,,,,,,
vermilion sunset rockfish,12/21/2011,80.0,70-80,1,129,1,Accoustic Tagging - Wegner and Hyde,Deep Demersal,,,,,,,
Bocaccio,1/30/2012,72.0,70-80,1,129,1,Accoustic Tagging - Wegner and Hyde,Deep Pelagic,,,,,,,
Bocaccio,1/30/2012,87.0,80-90,1,114,1,Accoustic Tagging - Wegner and Hyde,Deep Pelagic,,,,,,,
vermilion sunset rockfish,1/30/2012,72.0,70-80,1,97,1,Accoustic Tagging - Wegner and Hyde,Deep Demersal,,,,,,,
Bocaccio,11/24/2014,56.3,50-60,1,93,1,Accoustic Tagging - Wegner and Hyde,Deep Pelagic,,,,,,,
Bocaccio,5/13/2014,60.0,50-60,1,88,1,Accoustic Tagging - Wegner and Hyde,Deep Pelagic,,,,,,,
Bocaccio,8/12/2014,45.0,40-50,1,86,1,Accoustic Tagging - Wegner and Hyde,Deep Pelagic,,,,,,,
Bocaccio,11/24/2014,67.0,60-70,1,86,1,Accoustic Tagging - Wegner and Hyde,Deep Pelagic,,,,,,,
Bocaccio,11/24/2014,66.5,60-70,1,62,1,Accoustic Tagging - Wegner and Hyde,Deep Pelagic,,,,,,,
Cowcod,5/13/2014,45.0,40-50,1,53,1,Accoustic Tagging - Wegner and Hyde,Deep Demersal,,,,,,,
Bocaccio,1/30/2012,72.0,70-80,1,52,1,Accoustic Tagging - Wegner and Hyde,Deep Pelagic,,,,,,,
Cowcod,8/12/2014,46.7,40-50,1,43,1,Accoustic Tagging - Wegner and Hyde,Deep Demersal,,,,,,,
Bocaccio,1/30/2012,87.0,80-90,1,42,1,Accoustic Tagging - Wegner and Hyde,Deep Pelagic,,,,,,,
Bocaccio,1/30/2012,70.0,60-70,1,39,1,Accoustic Tagging - Wegner and Hyde,Deep Pelagic,,,,,,,
Starry Rockfish,12/21/2011,80.0,70-80,1,39,1,Accoustic Tagging - Wegner and Hyde,Deep Demersal,,,,,,,
Cowcod,5/13/2014,55.0,50-60,1,38,1,Accoustic Tagging - Wegner and Hyde,Deep Demersal,,,,,,,
Bocaccio,2/11/2015,50.0,40-50,1,35,1,Accoustic Tagging - Wegner and Hyde,Deep Pelagic,,,,,,,
Bocaccio,2/11/2015,62.0,60-70,1,31,1,Accoustic Tagging - Wegner and Hyde,Deep Pelagic,,,,,,,
Bocaccio,2/11/2015,75.1,70-80,1,28,1,Accoustic Tagging - Wegner and Hyde,Deep Pelagic,,,,,,,
Cowcod,3/9/2012,73.0,70-80,1,25,1,Accoustic Tagging - Wegner and Hyde,Deep Demersal,,,,,,,
Cowcod,11/24/2014,97.5,90-100,1,21,1,Accoustic Tagging - Wegner and Hyde,Deep Demersal,,,,,,,
Cowcod,2/11/2015,85.0,80-90,1,19,1,Accoustic Tagging - Wegner and Hyde,Deep Demersal,,,,,,,
Bank Rockfish,1/30/2012,60.0,50-60,1,18,1,Accoustic Tagging - Wegner and Hyde,Deep Demersal,,,,,,,
Cowcod,3/5/2013,62.0,60-70,1,18,1,Accoustic Tagging - Wegner and Hyde,Deep Demersal,,,,,,,
Cowcod,3/9/2012,60.0,50-60,0,17,0,Accoustic Tagging - Wegner and Hyde,Deep Demersal,,,,,,,
Cowcod,3/12/2013,55.0,50-60,0,17,0,Accoustic Tagging - Wegner and Hyde,Deep Demersal,,,,,,,
Bocaccio,11/24/2014,51.7,50-60,1,16,1,Accoustic Tagging - Wegner and Hyde,Deep Pelagic,,,,,,,
Starry Rockfish,1/30/2012,72.0,70-80,1,16,1,Accoustic Tagging - Wegner and Hyde,Deep Demersal,,,,,,,
Cowcod,5/13/2014,65.0,60-70,1,15,1,Accoustic Tagging - Wegner and Hyde,Deep Demersal,,,,,,,
Bocaccio,1/30/2012,44.0,40-50,1,15,1,Accoustic Tagging - Wegner and Hyde,Deep Pelagic,,,,,,,
Bocaccio,8/12/2014,40.9,40-50,1,15,1,Accoustic Tagging - Wegner and Hyde,Deep Pelagic,,,,,,,
Cowcod,2/11/2015,70.0,70-80,0,14,0,Accoustic Tagging - Wegner and Hyde,Deep Demersal,,,,,,,
Cowcod,3/12/2013,57.0,50-60,1,12,1,Accoustic Tagging - Wegner and Hyde,Deep Demersal,,,,,,,
Cowcod,3/12/2013,57.0,50-60,0,12,0,Accoustic Tagging - Wegner and Hyde,Deep Demersal,,,,,,,
Cowcod,5/13/2014,80.0,70-80,1,11,1,Accoustic Tagging - Wegner and Hyde,Deep Demersal,,,,,,,
vermilion sunset rockfish,1/30/2012,75.1,70-80,1,10,1,Accoustic Tagging - Wegner and Hyde,Deep Demersal,,,,,,,
Cowcod,3/5/2013,70.0,60-70,0,10,0,Accoustic Tagging - Wegner and Hyde,Deep Demersal,,,,,,,
Bocaccio,5/13/2014,67.0,60-70,1,10,1,Accoustic Tagging - Wegner and Hyde,Deep Pelagic,,,,,,,
Bocaccio,5/13/2014,65.0,60-70,1,10,1,Accoustic Tagging - Wegner and Hyde,Deep Pelagic,,,,,,,
Cowcod,3/9/2012,62.0,60-70,1,10,1,Accoustic Tagging - Wegner and Hyde,Deep Demersal,,,,,,,
Bocaccio,1/30/2012,72.0,70-80,1,9,1,Accoustic Tagging - Wegner and Hyde,Deep Pelagic,,,,,,,
Bocaccio,1/30/2012,68.1,60-70,1,9,1,Accoustic Tagging - Wegner and Hyde,Deep Pelagic,,,,,,,
Bocaccio,5/13/2014,65.0,60-70,0,9,0,Accoustic Tagging - Wegner and Hyde,Deep Pelagic,,,,,,,
Cowcod,3/20/2015,84.0,80-90,1,8,1,Accoustic Tagging - Wegner and Hyde,Deep Demersal,,,,,,,
Cowcod,3/9/2012,63.0,60-70,1,8,1,Accoustic Tagging - Wegner and Hyde,Deep Demersal,,,,,,,
Bank Rockfish,1/30/2012,98.0,90-100,1,8,1,Accoustic Tagging - Wegner and Hyde,Deep Demersal,,,,,,,
Bocaccio,2/11/2015,75.1,70-80,1,8,1,Accoustic Tagging - Wegner and Hyde,Deep Pelagic,,,,,,,
Cowcod,3/12/2013,60.0,50-60,1,8,1,Accoustic Tagging - Wegner and Hyde,Deep Demersal,,,,,,,
Bocaccio,11/24/2014,97.5,90-100,1,8,1,Accoustic Tagging - Wegner and Hyde,Deep Pelagic,,,,,,,
Cowcod,4/18/2013,90.1,90-100,0,8,0,Accoustic Tagging - Wegner and Hyde,Deep Demersal,,,,,,,
Cowcod,3/5/2013,70.0,60-70,0,7,0,Accoustic Tagging - Wegner and Hyde,Deep Demersal,,,,,,,
Cowcod,3/9/2012,72.0,70-80,1,7,1,Accoustic Tagging - Wegner and Hyde,Deep Demersal,,,,,,,
Bocaccio,2/11/2015,72.0,70-80,1,6,1,Accoustic Tagging - Wegner and Hyde,Deep Pelagic,,,,,,,
Cowcod,3/9/2012,63.0,60-70,1,6,1,Accoustic Tagging - Wegner and Hyde,Deep Demersal,,,,,,,
Cowcod,3/12/2013,57.0,50-60,1,6,1,Accoustic Tagging - Wegner and Hyde,Deep Demersal,,,,,,,
Cowcod,3/9/2012,63.0,60-70,1,5,1,Accoustic Tagging - Wegner and Hyde,Deep Demersal,,,,,,,
Cowcod,3/20/2015,73.0,70-80,1,5,1,Accoustic Tagging - Wegner and Hyde,Deep Demersal,,,,,,,
Cowcod,2/11/2015,97.0,90-100,1,5,1,Accoustic Tagging - Wegner and Hyde,Deep Demersal,,,,,,,
vermilion sunset rockfish,12/21/2011,80.0,70-80,1,5,1,Accoustic Tagging - Wegner and Hyde,Deep Demersal,,,,,,,
Cowcod,1/30/2012,72.0,70-80,0,5,0,Accoustic Tagging - Wegner and Hyde,Deep Demersal,,,,,,,
Cowcod,4/18/2013,64.0,60-70,0,4,0,Accoustic Tagging - Wegner and Hyde,Deep Demersal,,,,,,,
vermilion sunset rockfish,1/30/2012,75.1,70-80,1,3,1,Accoustic Tagging - Wegner and Hyde,Deep Demersal,,,,,,,
Cowcod,3/5/2013,90.1,90-100,0,3,0,Accoustic Tagging - Wegner and Hyde,Deep Demersal,,,,,,,
Bank Rockfish,1/30/2012,60.0,50-60,1,3,1,Accoustic Tagging - Wegner and Hyde,Deep Demersal,,,,,,,
Cowcod,3/5/2013,60.0,50-60,0,2,0,Accoustic Tagging - Wegner and Hyde,Deep Demersal,,,,,,,
Cowcod,5/13/2014,65.0,60-70,1,2,1,Accoustic Tagging - Wegner and Hyde,Deep Demersal,,,,,,,
Cowcod,3/5/2013,58.0,50-60,0,2,0,Accoustic Tagging - Wegner and Hyde,Deep Demersal,,,,,,,
Bank Rockfish,1/30/2012,75.1,70-80,0,2,0,Accoustic Tagging - Wegner and Hyde,Deep Demersal,,,,,,,
Bocaccio,1/30/2012,71.0,70-80,1,1,NA,Accoustic Tagging - Wegner and Hyde,Deep Pelagic,,,,,,,
Bocaccio,2/11/2015,64.0,60-70,0,1,NA,Accoustic Tagging - Wegner and Hyde,Deep Pelagic,,,,,,,
Bocaccio,5/13/2014,80.0,70-80,1,1,NA,Accoustic Tagging - Wegner and Hyde,Deep Pelagic,,,,,,,
Cowcod,3/9/2012,64.0,60-70,0,1,NA,Accoustic Tagging - Wegner and Hyde,Deep Demersal,,,,,,,
Cowcod,3/20/2015,72.0,70-80,0,1,NA,Accoustic Tagging - Wegner and Hyde,Deep Demersal,,,,,,,
vermilion sunset rockfish,12/21/2011,78.0,70-80,1,0,NA,Accoustic Tagging - Wegner and Hyde,Deep Demersal,,,,,,,
Bank Rockfish,1/30/2012,71.0,70-80,0,0,NA,Accoustic Tagging - Wegner and Hyde,Deep Demersal,,,,,,,
Cowcod,5/13/2014,80.0,70-80,0,0,NA,Accoustic Tagging - Wegner and Hyde,Deep Demersal,,,,,,,
vermilion sunset rockfish,1/30/2012,88.0,80-90,1,0,NA,Accoustic Tagging - Wegner and Hyde,Deep Demersal,,,,,,,
Bank Rockfish,1/30/2012,71.0,70-80,0,0,NA,Accoustic Tagging - Wegner and Hyde,Deep Demersal,,,,,,,
Bank Rockfish,1/30/2012,72.0,70-80,1,0,NA,Accoustic Tagging - Wegner and Hyde,Deep Demersal,,,,,,,
Bank Rockfish,1/30/2012,87.0,80-90,1,0,NA,Accoustic Tagging - Wegner and Hyde,Deep Demersal,,,,,,,
Bank Rockfish,1/30/2012,75.1,70-80,0,0,NA,Accoustic Tagging - Wegner and Hyde,Deep Demersal,,,,,,,
Bank Rockfish,1/30/2012,87.0,80-90,1,0,NA,Accoustic Tagging - Wegner and Hyde,Deep Demersal,,,,,,,
Bocaccio,1/30/2012,60.0,50-60,0,0,NA,Accoustic Tagging - Wegner and Hyde,Deep Pelagic,,,,,,,
Bocaccio,8/12/2014,40.9,40-50,1,0,NA,Accoustic Tagging - Wegner and Hyde,Deep Pelagic,,,,,,,
Bocaccio,11/24/2014,61.7,60-70,0,0,NA,Accoustic Tagging - Wegner and Hyde,Deep Pelagic,,,,,,,
Bocaccio,2/11/2015,100.1,90-100,1,0,NA,Accoustic Tagging - Wegner and Hyde,Deep Pelagic,,,,,,,
Cowcod,3/12/2013,57.0,50-60,0,0,NA,Accoustic Tagging - Wegner and Hyde,Deep Demersal,,,,,,,
Cowcod,4/18/2013,90.1,90-100,0,0,NA,Accoustic Tagging - Wegner and Hyde,Deep Demersal,,,,,,,
Cowcod,4/18/2013,64.0,60-70,0,0,NA,Accoustic Tagging - Wegner and Hyde,Deep Demersal,,,,,,,
Cowcod,5/13/2014,58.0,50-60,0,0,NA,Accoustic Tagging - Wegner and Hyde,Deep Demersal,,,,,,,
vermilion sunset rockfish,12/21/2011,78.0,70-80,0,0,NA,Accoustic Tagging - Wegner and Hyde,Deep Demersal,,,,,,,
vermilion sunset rockfish,1/30/2012,70.0,60-70,0,0,NA,Accoustic Tagging - Wegner and Hyde,Deep Demersal,,,,,,,
vermilion sunset rockfish,1/30/2012,70.0,60-70,0,0,NA,Accoustic Tagging - Wegner and Hyde,Deep Demersal,,,,,,,
vermilion sunset rockfish,12/21/2011,90.0,80-90,1,0,NA,Accoustic Tagging - Wegner and Hyde,Deep Demersal,,,,,,,
